ISO-10303-21;
HEADER;
FILE_DESCRIPTION(('FreeCAD Model'),'2;1');
FILE_NAME('Open CASCADE Shape Model','2025-08-27T21:07:49',(''),(''),
  'Open CASCADE STEP processor 7.8','FreeCAD','Unknown');
FILE_SCHEMA(('AUTOMOTIVE_DESIGN { 1 0 10303 214 1 1 1 1 }'));
ENDSEC;
DATA;
#1 = APPLICATION_PROTOCOL_DEFINITION('international standard',
  'automotive_design',2000,#2);
#2 = APPLICATION_CONTEXT(
  'core data for automotive mechanical design processes');
#3 = SHAPE_DEFINITION_REPRESENTATION(#4,#10);
#4 = PRODUCT_DEFINITION_SHAPE('','',#5);
#5 = PRODUCT_DEFINITION('design','',#6,#9);
#6 = PRODUCT_DEFINITION_FORMATION('','',#7);
#7 = PRODUCT('PiSupport','PiSupport','',(#8));
#8 = PRODUCT_CONTEXT('',#2,'mechanical');
#9 = PRODUCT_DEFINITION_CONTEXT('part definition',#2,'design');
#10 = ADVANCED_BREP_SHAPE_REPRESENTATION('',(#11,#15),#2615);
#11 = AXIS2_PLACEMENT_3D('',#12,#13,#14);
#12 = CARTESIAN_POINT('',(0.,0.,0.));
#13 = DIRECTION('',(0.,0.,1.));
#14 = DIRECTION('',(1.,0.,-0.));
#15 = MANIFOLD_SOLID_BREP('',#16);
#16 = CLOSED_SHELL('',(#17,#50,#82,#170,#194,#219,#276,#316,#349,#380,
    #413,#444,#466,#497,#736,#760,#784,#815,#839,#863,#881,#906,#930,
    #954,#978,#1038,#1069,#1110,#1126,#1137,#1168,#1193,#1245,#1273,
    #1298,#1325,#1351,#1371,#1396,#1416,#1441,#1450,#1481,#1506,#1558,
    #1586,#1611,#1638,#1664,#1684,#1709,#1729,#1754,#1763,#1789,#1814,
    #1840,#1860,#1885,#1894,#1920,#1945,#1971,#1991,#2016,#2025,#2050,
    #2075,#2095,#2120,#2145,#2170,#2190,#2215,#2233,#2251,#2278,#2308,
    #2358,#2383,#2401,#2426,#2444,#2469,#2487,#2529,#2554,#2572,#2597));
#17 = ADVANCED_FACE('',(#18),#45,.F.);
#18 = FACE_BOUND('',#19,.F.);
#19 = EDGE_LOOP('',(#20,#31,#39));
#20 = ORIENTED_EDGE('',*,*,#21,.T.);
#21 = EDGE_CURVE('',#22,#24,#26,.T.);
#22 = VERTEX_POINT('',#23);
#23 = CARTESIAN_POINT('',(-54.24999999999,101.3,-5.));
#24 = VERTEX_POINT('',#25);
#25 = CARTESIAN_POINT('',(-57.24999999999,104.3,-5.));
#26 = CIRCLE('',#27,2.999999999999);
#27 = AXIS2_PLACEMENT_3D('',#28,#29,#30);
#28 = CARTESIAN_POINT('',(-54.25,104.3,-5.));
#29 = DIRECTION('',(0.,0.,-1.));
#30 = DIRECTION('',(1.,0.,0.));
#31 = ORIENTED_EDGE('',*,*,#32,.T.);
#32 = EDGE_CURVE('',#24,#33,#35,.T.);
#33 = VERTEX_POINT('',#34);
#34 = CARTESIAN_POINT('',(-57.25,101.3,-5.));
#35 = LINE('',#36,#37);
#36 = CARTESIAN_POINT('',(-57.25,131.3,-5.));
#37 = VECTOR('',#38,1.);
#38 = DIRECTION('',(0.,-1.,0.));
#39 = ORIENTED_EDGE('',*,*,#40,.T.);
#40 = EDGE_CURVE('',#33,#22,#41,.T.);
#41 = LINE('',#42,#43);
#42 = CARTESIAN_POINT('',(-57.25,101.3,-5.));
#43 = VECTOR('',#44,1.);
#44 = DIRECTION('',(1.,0.,0.));
#45 = PLANE('',#46);
#46 = AXIS2_PLACEMENT_3D('',#47,#48,#49);
#47 = CARTESIAN_POINT('',(-3.368394672099E-12,115.35280528052,-5.));
#48 = DIRECTION('',(0.,0.,1.));
#49 = DIRECTION('',(1.,0.,0.));
#50 = ADVANCED_FACE('',(#51),#77,.T.);
#51 = FACE_BOUND('',#52,.F.);
#52 = EDGE_LOOP('',(#53,#61,#70,#76));
#53 = ORIENTED_EDGE('',*,*,#54,.T.);
#54 = EDGE_CURVE('',#22,#55,#57,.T.);
#55 = VERTEX_POINT('',#56);
#56 = CARTESIAN_POINT('',(-54.24999999999,101.3,-25.));
#57 = LINE('',#58,#59);
#58 = CARTESIAN_POINT('',(-54.24999999999,101.3,-5.));
#59 = VECTOR('',#60,1.);
#60 = DIRECTION('',(0.,0.,-1.));
#61 = ORIENTED_EDGE('',*,*,#62,.T.);
#62 = EDGE_CURVE('',#55,#63,#65,.T.);
#63 = VERTEX_POINT('',#64);
#64 = CARTESIAN_POINT('',(-57.24999999999,104.3,-25.));
#65 = CIRCLE('',#66,2.999999999999);
#66 = AXIS2_PLACEMENT_3D('',#67,#68,#69);
#67 = CARTESIAN_POINT('',(-54.25,104.3,-25.));
#68 = DIRECTION('',(0.,0.,-1.));
#69 = DIRECTION('',(1.,0.,0.));
#70 = ORIENTED_EDGE('',*,*,#71,.F.);
#71 = EDGE_CURVE('',#24,#63,#72,.T.);
#72 = LINE('',#73,#74);
#73 = CARTESIAN_POINT('',(-57.24999999999,104.3,-5.));
#74 = VECTOR('',#75,1.);
#75 = DIRECTION('',(0.,0.,-1.));
#76 = ORIENTED_EDGE('',*,*,#21,.F.);
#77 = CYLINDRICAL_SURFACE('',#78,2.999999999999);
#78 = AXIS2_PLACEMENT_3D('',#79,#80,#81);
#79 = CARTESIAN_POINT('',(-54.25,104.3,-5.));
#80 = DIRECTION('',(0.,0.,1.));
#81 = DIRECTION('',(1.,0.,0.));
#82 = ADVANCED_FACE('',(#83),#165,.T.);
#83 = FACE_BOUND('',#84,.T.);
#84 = EDGE_LOOP('',(#85,#93,#94,#95,#103,#111,#119,#127,#135,#143,#151,
    #159));
#85 = ORIENTED_EDGE('',*,*,#86,.F.);
#86 = EDGE_CURVE('',#33,#87,#89,.T.);
#87 = VERTEX_POINT('',#88);
#88 = CARTESIAN_POINT('',(-57.25,101.3,0.));
#89 = LINE('',#90,#91);
#90 = CARTESIAN_POINT('',(-57.25,101.3,-5.));
#91 = VECTOR('',#92,1.);
#92 = DIRECTION('',(0.,0.,1.));
#93 = ORIENTED_EDGE('',*,*,#40,.T.);
#94 = ORIENTED_EDGE('',*,*,#54,.T.);
#95 = ORIENTED_EDGE('',*,*,#96,.T.);
#96 = EDGE_CURVE('',#55,#97,#99,.T.);
#97 = VERTEX_POINT('',#98);
#98 = CARTESIAN_POINT('',(-14.95,101.3,-25.));
#99 = LINE('',#100,#101);
#100 = CARTESIAN_POINT('',(-54.24999999999,101.3,-25.));
#101 = VECTOR('',#102,1.);
#102 = DIRECTION('',(1.,0.,0.));
#103 = ORIENTED_EDGE('',*,*,#104,.F.);
#104 = EDGE_CURVE('',#105,#97,#107,.T.);
#105 = VERTEX_POINT('',#106);
#106 = CARTESIAN_POINT('',(-14.95,101.3,-5.));
#107 = LINE('',#108,#109);
#108 = CARTESIAN_POINT('',(-14.95,101.3,-5.));
#109 = VECTOR('',#110,1.);
#110 = DIRECTION('',(0.,0.,-1.));
#111 = ORIENTED_EDGE('',*,*,#112,.T.);
#112 = EDGE_CURVE('',#105,#113,#115,.T.);
#113 = VERTEX_POINT('',#114);
#114 = CARTESIAN_POINT('',(1.249999999994,101.3,-5.));
#115 = LINE('',#116,#117);
#116 = CARTESIAN_POINT('',(-57.25,101.3,-5.));
#117 = VECTOR('',#118,1.);
#118 = DIRECTION('',(1.,0.,0.));
#119 = ORIENTED_EDGE('',*,*,#120,.T.);
#120 = EDGE_CURVE('',#113,#121,#123,.T.);
#121 = VERTEX_POINT('',#122);
#122 = CARTESIAN_POINT('',(1.249999999994,101.3,-25.));
#123 = LINE('',#124,#125);
#124 = CARTESIAN_POINT('',(1.249999999994,101.3,-5.));
#125 = VECTOR('',#126,1.);
#126 = DIRECTION('',(0.,0.,-1.));
#127 = ORIENTED_EDGE('',*,*,#128,.F.);
#128 = EDGE_CURVE('',#129,#121,#131,.T.);
#129 = VERTEX_POINT('',#130);
#130 = CARTESIAN_POINT('',(54.249999999994,101.3,-25.));
#131 = LINE('',#132,#133);
#132 = CARTESIAN_POINT('',(-19.16264329533,101.3,-25.));
#133 = VECTOR('',#134,1.);
#134 = DIRECTION('',(-1.,0.,0.));
#135 = ORIENTED_EDGE('',*,*,#136,.F.);
#136 = EDGE_CURVE('',#137,#129,#139,.T.);
#137 = VERTEX_POINT('',#138);
#138 = CARTESIAN_POINT('',(54.249999999994,101.3,-5.));
#139 = LINE('',#140,#141);
#140 = CARTESIAN_POINT('',(54.249999999994,101.3,-5.));
#141 = VECTOR('',#142,1.);
#142 = DIRECTION('',(0.,0.,-1.));
#143 = ORIENTED_EDGE('',*,*,#144,.T.);
#144 = EDGE_CURVE('',#137,#145,#147,.T.);
#145 = VERTEX_POINT('',#146);
#146 = CARTESIAN_POINT('',(57.249999999993,101.3,-5.));
#147 = LINE('',#148,#149);
#148 = CARTESIAN_POINT('',(-57.25,101.3,-5.));
#149 = VECTOR('',#150,1.);
#150 = DIRECTION('',(1.,0.,0.));
#151 = ORIENTED_EDGE('',*,*,#152,.T.);
#152 = EDGE_CURVE('',#145,#153,#155,.T.);
#153 = VERTEX_POINT('',#154);
#154 = CARTESIAN_POINT('',(57.249999999993,101.3,0.));
#155 = LINE('',#156,#157);
#156 = CARTESIAN_POINT('',(57.249999999993,101.3,-5.));
#157 = VECTOR('',#158,1.);
#158 = DIRECTION('',(0.,0.,1.));
#159 = ORIENTED_EDGE('',*,*,#160,.F.);
#160 = EDGE_CURVE('',#87,#153,#161,.T.);
#161 = LINE('',#162,#163);
#162 = CARTESIAN_POINT('',(-57.25,101.3,0.));
#163 = VECTOR('',#164,1.);
#164 = DIRECTION('',(1.,0.,0.));
#165 = PLANE('',#166);
#166 = AXIS2_PLACEMENT_3D('',#167,#168,#169);
#167 = CARTESIAN_POINT('',(-0.858934169282,101.3,-11.42163009404));
#168 = DIRECTION('',(-5.708408411701E-16,-1.,-7.064150061459E-16));
#169 = DIRECTION('',(0.,7.064150061459E-16,-1.));
#170 = ADVANCED_FACE('',(#171),#189,.F.);
#171 = FACE_BOUND('',#172,.F.);
#172 = EDGE_LOOP('',(#173,#181,#188));
#173 = ORIENTED_EDGE('',*,*,#174,.T.);
#174 = EDGE_CURVE('',#145,#175,#177,.T.);
#175 = VERTEX_POINT('',#176);
#176 = CARTESIAN_POINT('',(57.249999999993,104.29999999999,-5.));
#177 = LINE('',#178,#179);
#178 = CARTESIAN_POINT('',(57.249999999993,101.3,-5.));
#179 = VECTOR('',#180,1.);
#180 = DIRECTION('',(0.,1.,0.));
#181 = ORIENTED_EDGE('',*,*,#182,.T.);
#182 = EDGE_CURVE('',#175,#137,#183,.T.);
#183 = CIRCLE('',#184,2.999999999999);
#184 = AXIS2_PLACEMENT_3D('',#185,#186,#187);
#185 = CARTESIAN_POINT('',(54.249999999994,104.29999999999,-5.));
#186 = DIRECTION('',(0.,0.,-1.));
#187 = DIRECTION('',(1.,0.,0.));
#188 = ORIENTED_EDGE('',*,*,#144,.T.);
#189 = PLANE('',#190);
#190 = AXIS2_PLACEMENT_3D('',#191,#192,#193);
#191 = CARTESIAN_POINT('',(-3.368394672099E-12,115.35280528052,-5.));
#192 = DIRECTION('',(0.,0.,1.));
#193 = DIRECTION('',(1.,0.,0.));
#194 = ADVANCED_FACE('',(#195),#214,.T.);
#195 = FACE_BOUND('',#196,.F.);
#196 = EDGE_LOOP('',(#197,#198,#206,#213));
#197 = ORIENTED_EDGE('',*,*,#182,.F.);
#198 = ORIENTED_EDGE('',*,*,#199,.T.);
#199 = EDGE_CURVE('',#175,#200,#202,.T.);
#200 = VERTEX_POINT('',#201);
#201 = CARTESIAN_POINT('',(57.249999999993,104.29999999999,-25.));
#202 = LINE('',#203,#204);
#203 = CARTESIAN_POINT('',(57.249999999993,104.29999999999,-5.));
#204 = VECTOR('',#205,1.);
#205 = DIRECTION('',(0.,0.,-1.));
#206 = ORIENTED_EDGE('',*,*,#207,.F.);
#207 = EDGE_CURVE('',#129,#200,#208,.T.);
#208 = CIRCLE('',#209,2.999999999999);
#209 = AXIS2_PLACEMENT_3D('',#210,#211,#212);
#210 = CARTESIAN_POINT('',(54.249999999994,104.29999999999,-25.));
#211 = DIRECTION('',(0.,0.,1.));
#212 = DIRECTION('',(1.,0.,0.));
#213 = ORIENTED_EDGE('',*,*,#136,.F.);
#214 = CYLINDRICAL_SURFACE('',#215,2.999999999999);
#215 = AXIS2_PLACEMENT_3D('',#216,#217,#218);
#216 = CARTESIAN_POINT('',(54.249999999994,104.29999999999,-5.));
#217 = DIRECTION('',(0.,0.,1.));
#218 = DIRECTION('',(1.,0.,0.));
#219 = ADVANCED_FACE('',(#220),#271,.T.);
#220 = FACE_BOUND('',#221,.T.);
#221 = EDGE_LOOP('',(#222,#223,#224,#225,#233,#241,#249,#257,#265));
#222 = ORIENTED_EDGE('',*,*,#152,.F.);
#223 = ORIENTED_EDGE('',*,*,#174,.T.);
#224 = ORIENTED_EDGE('',*,*,#199,.T.);
#225 = ORIENTED_EDGE('',*,*,#226,.T.);
#226 = EDGE_CURVE('',#200,#227,#229,.T.);
#227 = VERTEX_POINT('',#228);
#228 = CARTESIAN_POINT('',(57.249999999993,143.8,-25.));
#229 = LINE('',#230,#231);
#230 = CARTESIAN_POINT('',(57.249999999993,119.85411337215,-25.));
#231 = VECTOR('',#232,1.);
#232 = DIRECTION('',(0.,1.,0.));
#233 = ORIENTED_EDGE('',*,*,#234,.T.);
#234 = EDGE_CURVE('',#227,#235,#237,.T.);
#235 = VERTEX_POINT('',#236);
#236 = CARTESIAN_POINT('',(57.249999999993,143.8,-19.5));
#237 = LINE('',#238,#239);
#238 = CARTESIAN_POINT('',(57.249999999993,143.8,-25.));
#239 = VECTOR('',#240,1.);
#240 = DIRECTION('',(0.,0.,1.));
#241 = ORIENTED_EDGE('',*,*,#242,.F.);
#242 = EDGE_CURVE('',#243,#235,#245,.T.);
#243 = VERTEX_POINT('',#244);
#244 = CARTESIAN_POINT('',(57.249999999993,129.3,-5.));
#245 = LINE('',#246,#247);
#246 = CARTESIAN_POINT('',(57.249999999993,129.3,-5.));
#247 = VECTOR('',#248,1.);
#248 = DIRECTION('',(0.,0.707106781187,-0.707106781187));
#249 = ORIENTED_EDGE('',*,*,#250,.T.);
#250 = EDGE_CURVE('',#243,#251,#253,.T.);
#251 = VERTEX_POINT('',#252);
#252 = CARTESIAN_POINT('',(57.249999999993,131.3,-5.));
#253 = LINE('',#254,#255);
#254 = CARTESIAN_POINT('',(57.249999999993,101.3,-5.));
#255 = VECTOR('',#256,1.);
#256 = DIRECTION('',(0.,1.,0.));
#257 = ORIENTED_EDGE('',*,*,#258,.T.);
#258 = EDGE_CURVE('',#251,#259,#261,.T.);
#259 = VERTEX_POINT('',#260);
#260 = CARTESIAN_POINT('',(57.249999999993,131.3,0.));
#261 = LINE('',#262,#263);
#262 = CARTESIAN_POINT('',(57.249999999993,131.3,-5.));
#263 = VECTOR('',#264,1.);
#264 = DIRECTION('',(0.,0.,1.));
#265 = ORIENTED_EDGE('',*,*,#266,.F.);
#266 = EDGE_CURVE('',#153,#259,#267,.T.);
#267 = LINE('',#268,#269);
#268 = CARTESIAN_POINT('',(57.249999999993,101.3,0.));
#269 = VECTOR('',#270,1.);
#270 = DIRECTION('',(0.,1.,0.));
#271 = PLANE('',#272);
#272 = AXIS2_PLACEMENT_3D('',#273,#274,#275);
#273 = CARTESIAN_POINT('',(57.249999999993,121.05168189953,
    -13.11107088389));
#274 = DIRECTION('',(1.,0.,0.));
#275 = DIRECTION('',(0.,0.,1.));
#276 = ADVANCED_FACE('',(#277),#311,.F.);
#277 = FACE_BOUND('',#278,.F.);
#278 = EDGE_LOOP('',(#279,#289,#297,#305));
#279 = ORIENTED_EDGE('',*,*,#280,.F.);
#280 = EDGE_CURVE('',#281,#283,#285,.T.);
#281 = VERTEX_POINT('',#282);
#282 = CARTESIAN_POINT('',(-32.,131.3,0.));
#283 = VERTEX_POINT('',#284);
#284 = CARTESIAN_POINT('',(-32.,191.,0.));
#285 = LINE('',#286,#287);
#286 = CARTESIAN_POINT('',(-32.,124.3,0.));
#287 = VECTOR('',#288,1.);
#288 = DIRECTION('',(0.,1.,0.));
#289 = ORIENTED_EDGE('',*,*,#290,.F.);
#290 = EDGE_CURVE('',#291,#281,#293,.T.);
#291 = VERTEX_POINT('',#292);
#292 = CARTESIAN_POINT('',(-32.,131.3,-5.));
#293 = LINE('',#294,#295);
#294 = CARTESIAN_POINT('',(-32.,131.3,-5.));
#295 = VECTOR('',#296,1.);
#296 = DIRECTION('',(0.,0.,1.));
#297 = ORIENTED_EDGE('',*,*,#298,.T.);
#298 = EDGE_CURVE('',#291,#299,#301,.T.);
#299 = VERTEX_POINT('',#300);
#300 = CARTESIAN_POINT('',(-32.,191.,-5.));
#301 = LINE('',#302,#303);
#302 = CARTESIAN_POINT('',(-32.,124.3,-5.));
#303 = VECTOR('',#304,1.);
#304 = DIRECTION('',(0.,1.,0.));
#305 = ORIENTED_EDGE('',*,*,#306,.F.);
#306 = EDGE_CURVE('',#283,#299,#307,.T.);
#307 = LINE('',#308,#309);
#308 = CARTESIAN_POINT('',(-32.,191.,0.));
#309 = VECTOR('',#310,1.);
#310 = DIRECTION('',(0.,0.,-1.));
#311 = PLANE('',#312);
#312 = AXIS2_PLACEMENT_3D('',#313,#314,#315);
#313 = CARTESIAN_POINT('',(-32.,124.3,0.));
#314 = DIRECTION('',(1.,0.,0.));
#315 = DIRECTION('',(0.,1.,0.));
#316 = ADVANCED_FACE('',(#317),#344,.T.);
#317 = FACE_BOUND('',#318,.T.);
#318 = EDGE_LOOP('',(#319,#328,#336,#343));
#319 = ORIENTED_EDGE('',*,*,#320,.T.);
#320 = EDGE_CURVE('',#283,#321,#323,.T.);
#321 = VERTEX_POINT('',#322);
#322 = CARTESIAN_POINT('',(-22.,201.,0.));
#323 = CIRCLE('',#324,10.);
#324 = AXIS2_PLACEMENT_3D('',#325,#326,#327);
#325 = CARTESIAN_POINT('',(-22.,191.,0.));
#326 = DIRECTION('',(0.,0.,-1.));
#327 = DIRECTION('',(0.,1.,0.));
#328 = ORIENTED_EDGE('',*,*,#329,.T.);
#329 = EDGE_CURVE('',#321,#330,#332,.T.);
#330 = VERTEX_POINT('',#331);
#331 = CARTESIAN_POINT('',(-22.,201.,-5.));
#332 = LINE('',#333,#334);
#333 = CARTESIAN_POINT('',(-22.,201.,0.));
#334 = VECTOR('',#335,1.);
#335 = DIRECTION('',(0.,0.,-1.));
#336 = ORIENTED_EDGE('',*,*,#337,.F.);
#337 = EDGE_CURVE('',#299,#330,#338,.T.);
#338 = CIRCLE('',#339,10.);
#339 = AXIS2_PLACEMENT_3D('',#340,#341,#342);
#340 = CARTESIAN_POINT('',(-22.,191.,-5.));
#341 = DIRECTION('',(0.,0.,-1.));
#342 = DIRECTION('',(0.,1.,0.));
#343 = ORIENTED_EDGE('',*,*,#306,.F.);
#344 = CYLINDRICAL_SURFACE('',#345,10.);
#345 = AXIS2_PLACEMENT_3D('',#346,#347,#348);
#346 = CARTESIAN_POINT('',(-22.,191.,0.));
#347 = DIRECTION('',(0.,0.,-1.));
#348 = DIRECTION('',(-1.,-0.,-0.));
#349 = ADVANCED_FACE('',(#350),#375,.F.);
#350 = FACE_BOUND('',#351,.F.);
#351 = EDGE_LOOP('',(#352,#360,#361,#369));
#352 = ORIENTED_EDGE('',*,*,#353,.F.);
#353 = EDGE_CURVE('',#321,#354,#356,.T.);
#354 = VERTEX_POINT('',#355);
#355 = CARTESIAN_POINT('',(22.,201.,0.));
#356 = LINE('',#357,#358);
#357 = CARTESIAN_POINT('',(-32.,201.,0.));
#358 = VECTOR('',#359,1.);
#359 = DIRECTION('',(1.,0.,0.));
#360 = ORIENTED_EDGE('',*,*,#329,.T.);
#361 = ORIENTED_EDGE('',*,*,#362,.T.);
#362 = EDGE_CURVE('',#330,#363,#365,.T.);
#363 = VERTEX_POINT('',#364);
#364 = CARTESIAN_POINT('',(22.,201.,-5.));
#365 = LINE('',#366,#367);
#366 = CARTESIAN_POINT('',(-32.,201.,-5.));
#367 = VECTOR('',#368,1.);
#368 = DIRECTION('',(1.,0.,0.));
#369 = ORIENTED_EDGE('',*,*,#370,.F.);
#370 = EDGE_CURVE('',#354,#363,#371,.T.);
#371 = LINE('',#372,#373);
#372 = CARTESIAN_POINT('',(22.,201.,0.));
#373 = VECTOR('',#374,1.);
#374 = DIRECTION('',(0.,0.,-1.));
#375 = PLANE('',#376);
#376 = AXIS2_PLACEMENT_3D('',#377,#378,#379);
#377 = CARTESIAN_POINT('',(-32.,201.,0.));
#378 = DIRECTION('',(0.,-1.,0.));
#379 = DIRECTION('',(1.,0.,0.));
#380 = ADVANCED_FACE('',(#381),#408,.T.);
#381 = FACE_BOUND('',#382,.T.);
#382 = EDGE_LOOP('',(#383,#392,#400,#407));
#383 = ORIENTED_EDGE('',*,*,#384,.T.);
#384 = EDGE_CURVE('',#354,#385,#387,.T.);
#385 = VERTEX_POINT('',#386);
#386 = CARTESIAN_POINT('',(32.,191.,0.));
#387 = CIRCLE('',#388,10.);
#388 = AXIS2_PLACEMENT_3D('',#389,#390,#391);
#389 = CARTESIAN_POINT('',(22.,191.,0.));
#390 = DIRECTION('',(0.,0.,-1.));
#391 = DIRECTION('',(0.,1.,0.));
#392 = ORIENTED_EDGE('',*,*,#393,.T.);
#393 = EDGE_CURVE('',#385,#394,#396,.T.);
#394 = VERTEX_POINT('',#395);
#395 = CARTESIAN_POINT('',(32.,191.,-5.));
#396 = LINE('',#397,#398);
#397 = CARTESIAN_POINT('',(32.,191.,0.));
#398 = VECTOR('',#399,1.);
#399 = DIRECTION('',(0.,0.,-1.));
#400 = ORIENTED_EDGE('',*,*,#401,.F.);
#401 = EDGE_CURVE('',#363,#394,#402,.T.);
#402 = CIRCLE('',#403,10.);
#403 = AXIS2_PLACEMENT_3D('',#404,#405,#406);
#404 = CARTESIAN_POINT('',(22.,191.,-5.));
#405 = DIRECTION('',(0.,0.,-1.));
#406 = DIRECTION('',(0.,1.,0.));
#407 = ORIENTED_EDGE('',*,*,#370,.F.);
#408 = CYLINDRICAL_SURFACE('',#409,10.);
#409 = AXIS2_PLACEMENT_3D('',#410,#411,#412);
#410 = CARTESIAN_POINT('',(22.,191.,0.));
#411 = DIRECTION('',(0.,0.,-1.));
#412 = DIRECTION('',(0.,1.,0.));
#413 = ADVANCED_FACE('',(#414),#439,.F.);
#414 = FACE_BOUND('',#415,.F.);
#415 = EDGE_LOOP('',(#416,#424,#425,#433));
#416 = ORIENTED_EDGE('',*,*,#417,.F.);
#417 = EDGE_CURVE('',#385,#418,#420,.T.);
#418 = VERTEX_POINT('',#419);
#419 = CARTESIAN_POINT('',(32.,131.3,0.));
#420 = LINE('',#421,#422);
#421 = CARTESIAN_POINT('',(32.,201.,0.));
#422 = VECTOR('',#423,1.);
#423 = DIRECTION('',(0.,-1.,0.));
#424 = ORIENTED_EDGE('',*,*,#393,.T.);
#425 = ORIENTED_EDGE('',*,*,#426,.T.);
#426 = EDGE_CURVE('',#394,#427,#429,.T.);
#427 = VERTEX_POINT('',#428);
#428 = CARTESIAN_POINT('',(32.,131.3,-5.));
#429 = LINE('',#430,#431);
#430 = CARTESIAN_POINT('',(32.,201.,-5.));
#431 = VECTOR('',#432,1.);
#432 = DIRECTION('',(0.,-1.,0.));
#433 = ORIENTED_EDGE('',*,*,#434,.T.);
#434 = EDGE_CURVE('',#427,#418,#435,.T.);
#435 = LINE('',#436,#437);
#436 = CARTESIAN_POINT('',(32.,131.3,-5.));
#437 = VECTOR('',#438,1.);
#438 = DIRECTION('',(0.,0.,1.));
#439 = PLANE('',#440);
#440 = AXIS2_PLACEMENT_3D('',#441,#442,#443);
#441 = CARTESIAN_POINT('',(32.,201.,0.));
#442 = DIRECTION('',(-1.,-0.,-0.));
#443 = DIRECTION('',(0.,-1.,0.));
#444 = ADVANCED_FACE('',(#445),#461,.F.);
#445 = FACE_BOUND('',#446,.F.);
#446 = EDGE_LOOP('',(#447,#448,#454,#455));
#447 = ORIENTED_EDGE('',*,*,#258,.T.);
#448 = ORIENTED_EDGE('',*,*,#449,.T.);
#449 = EDGE_CURVE('',#259,#418,#450,.T.);
#450 = LINE('',#451,#452);
#451 = CARTESIAN_POINT('',(57.249999999993,131.3,0.));
#452 = VECTOR('',#453,1.);
#453 = DIRECTION('',(-1.,0.,0.));
#454 = ORIENTED_EDGE('',*,*,#434,.F.);
#455 = ORIENTED_EDGE('',*,*,#456,.F.);
#456 = EDGE_CURVE('',#251,#427,#457,.T.);
#457 = LINE('',#458,#459);
#458 = CARTESIAN_POINT('',(57.249999999993,131.3,-5.));
#459 = VECTOR('',#460,1.);
#460 = DIRECTION('',(-1.,0.,0.));
#461 = PLANE('',#462);
#462 = AXIS2_PLACEMENT_3D('',#463,#464,#465);
#463 = CARTESIAN_POINT('',(57.249999999993,131.3,-5.));
#464 = DIRECTION('',(-0.,-1.,-0.));
#465 = DIRECTION('',(-1.,0.,0.));
#466 = ADVANCED_FACE('',(#467),#492,.F.);
#467 = FACE_BOUND('',#468,.F.);
#468 = EDGE_LOOP('',(#469,#470,#478,#486));
#469 = ORIENTED_EDGE('',*,*,#290,.T.);
#470 = ORIENTED_EDGE('',*,*,#471,.T.);
#471 = EDGE_CURVE('',#281,#472,#474,.T.);
#472 = VERTEX_POINT('',#473);
#473 = CARTESIAN_POINT('',(-57.25,131.3,0.));
#474 = LINE('',#475,#476);
#475 = CARTESIAN_POINT('',(-32.,131.3,0.));
#476 = VECTOR('',#477,1.);
#477 = DIRECTION('',(-1.,0.,0.));
#478 = ORIENTED_EDGE('',*,*,#479,.F.);
#479 = EDGE_CURVE('',#480,#472,#482,.T.);
#480 = VERTEX_POINT('',#481);
#481 = CARTESIAN_POINT('',(-57.25,131.3,-5.));
#482 = LINE('',#483,#484);
#483 = CARTESIAN_POINT('',(-57.25,131.3,-5.));
#484 = VECTOR('',#485,1.);
#485 = DIRECTION('',(0.,0.,1.));
#486 = ORIENTED_EDGE('',*,*,#487,.F.);
#487 = EDGE_CURVE('',#291,#480,#488,.T.);
#488 = LINE('',#489,#490);
#489 = CARTESIAN_POINT('',(-32.,131.3,-5.));
#490 = VECTOR('',#491,1.);
#491 = DIRECTION('',(-1.,0.,0.));
#492 = PLANE('',#493);
#493 = AXIS2_PLACEMENT_3D('',#494,#495,#496);
#494 = CARTESIAN_POINT('',(-32.,131.3,-5.));
#495 = DIRECTION('',(-0.,-1.,-0.));
#496 = DIRECTION('',(-1.,0.,0.));
#497 = ADVANCED_FACE('',(#498,#611,#649,#687,#698,#709,#720),#731,.T.);
#498 = FACE_BOUND('',#499,.T.);
#499 = EDGE_LOOP('',(#500,#501,#502,#503,#504,#505,#506,#507,#515,#523,
    #531,#539,#547,#554,#555,#564,#572,#580,#588,#596,#604,#610));
#500 = ORIENTED_EDGE('',*,*,#298,.T.);
#501 = ORIENTED_EDGE('',*,*,#337,.T.);
#502 = ORIENTED_EDGE('',*,*,#362,.T.);
#503 = ORIENTED_EDGE('',*,*,#401,.T.);
#504 = ORIENTED_EDGE('',*,*,#426,.T.);
#505 = ORIENTED_EDGE('',*,*,#456,.F.);
#506 = ORIENTED_EDGE('',*,*,#250,.F.);
#507 = ORIENTED_EDGE('',*,*,#508,.T.);
#508 = EDGE_CURVE('',#243,#509,#511,.T.);
#509 = VERTEX_POINT('',#510);
#510 = CARTESIAN_POINT('',(51.249999999993,129.3,-5.));
#511 = LINE('',#512,#513);
#512 = CARTESIAN_POINT('',(57.249999999993,129.3,-5.));
#513 = VECTOR('',#514,1.);
#514 = DIRECTION('',(-1.,0.,0.));
#515 = ORIENTED_EDGE('',*,*,#516,.T.);
#516 = EDGE_CURVE('',#509,#517,#519,.T.);
#517 = VERTEX_POINT('',#518);
#518 = CARTESIAN_POINT('',(51.249999999993,115.03249,-5.));
#519 = LINE('',#520,#521);
#520 = CARTESIAN_POINT('',(51.249999999993,129.3,-5.));
#521 = VECTOR('',#522,1.);
#522 = DIRECTION('',(0.,-1.,0.));
#523 = ORIENTED_EDGE('',*,*,#524,.T.);
#524 = EDGE_CURVE('',#517,#525,#527,.T.);
#525 = VERTEX_POINT('',#526);
#526 = CARTESIAN_POINT('',(43.490631,110.29999999999,-5.));
#527 = LINE('',#528,#529);
#528 = CARTESIAN_POINT('',(51.249999999993,115.03249,-5.));
#529 = VECTOR('',#530,1.);
#530 = DIRECTION('',(-0.853739075732,-0.520701056815,0.));
#531 = ORIENTED_EDGE('',*,*,#532,.T.);
#532 = EDGE_CURVE('',#525,#533,#535,.T.);
#533 = VERTEX_POINT('',#534);
#534 = CARTESIAN_POINT('',(-1.750000000006,110.29999999999,-5.));
#535 = LINE('',#536,#537);
#536 = CARTESIAN_POINT('',(43.490631,110.29999999999,-5.));
#537 = VECTOR('',#538,1.);
#538 = DIRECTION('',(-1.,0.,0.));
#539 = ORIENTED_EDGE('',*,*,#540,.T.);
#540 = EDGE_CURVE('',#533,#541,#543,.T.);
#541 = VERTEX_POINT('',#542);
#542 = CARTESIAN_POINT('',(-1.750000000006,104.29999999999,-5.));
#543 = LINE('',#544,#545);
#544 = CARTESIAN_POINT('',(-1.750000000006,110.29999999999,-5.));
#545 = VECTOR('',#546,1.);
#546 = DIRECTION('',(0.,-1.,0.));
#547 = ORIENTED_EDGE('',*,*,#548,.F.);
#548 = EDGE_CURVE('',#113,#541,#549,.T.);
#549 = CIRCLE('',#550,2.999999999999);
#550 = AXIS2_PLACEMENT_3D('',#551,#552,#553);
#551 = CARTESIAN_POINT('',(1.249999999994,104.29999999999,-5.));
#552 = DIRECTION('',(0.,0.,-1.));
#553 = DIRECTION('',(1.,0.,0.));
#554 = ORIENTED_EDGE('',*,*,#112,.F.);
#555 = ORIENTED_EDGE('',*,*,#556,.F.);
#556 = EDGE_CURVE('',#557,#105,#559,.T.);
#557 = VERTEX_POINT('',#558);
#558 = CARTESIAN_POINT('',(-11.94999999998,104.3,-5.));
#559 = CIRCLE('',#560,2.999999999999);
#560 = AXIS2_PLACEMENT_3D('',#561,#562,#563);
#561 = CARTESIAN_POINT('',(-14.95,104.29999999999,-5.));
#562 = DIRECTION('',(0.,0.,-1.));
#563 = DIRECTION('',(1.,0.,0.));
#564 = ORIENTED_EDGE('',*,*,#565,.T.);
#565 = EDGE_CURVE('',#557,#566,#568,.T.);
#566 = VERTEX_POINT('',#567);
#567 = CARTESIAN_POINT('',(-11.94999999996,110.29999999999,-5.));
#568 = LINE('',#569,#570);
#569 = CARTESIAN_POINT('',(-11.94999999996,104.3,-5.));
#570 = VECTOR('',#571,1.);
#571 = DIRECTION('',(0.,1.,0.));
#572 = ORIENTED_EDGE('',*,*,#573,.T.);
#573 = EDGE_CURVE('',#566,#574,#576,.T.);
#574 = VERTEX_POINT('',#575);
#575 = CARTESIAN_POINT('',(-47.24999999998,110.29999999999,-5.));
#576 = LINE('',#577,#578);
#577 = CARTESIAN_POINT('',(-11.94999999996,110.29999999999,-5.));
#578 = VECTOR('',#579,1.);
#579 = DIRECTION('',(-1.,0.,0.));
#580 = ORIENTED_EDGE('',*,*,#581,.T.);
#581 = EDGE_CURVE('',#574,#582,#584,.T.);
#582 = VERTEX_POINT('',#583);
#583 = CARTESIAN_POINT('',(-51.24999999999,114.3,-5.));
#584 = LINE('',#585,#586);
#585 = CARTESIAN_POINT('',(-47.24999999998,110.29999999999,-5.));
#586 = VECTOR('',#587,1.);
#587 = DIRECTION('',(-0.707106781187,0.707106781186,-0.));
#588 = ORIENTED_EDGE('',*,*,#589,.T.);
#589 = EDGE_CURVE('',#582,#590,#592,.T.);
#590 = VERTEX_POINT('',#591);
#591 = CARTESIAN_POINT('',(-51.24999999999,129.3,-5.));
#592 = LINE('',#593,#594);
#593 = CARTESIAN_POINT('',(-51.24999999999,114.3,-5.));
#594 = VECTOR('',#595,1.);
#595 = DIRECTION('',(0.,1.,0.));
#596 = ORIENTED_EDGE('',*,*,#597,.T.);
#597 = EDGE_CURVE('',#590,#598,#600,.T.);
#598 = VERTEX_POINT('',#599);
#599 = CARTESIAN_POINT('',(-57.24999999999,129.3,-5.));
#600 = LINE('',#601,#602);
#601 = CARTESIAN_POINT('',(-51.24999999999,129.3,-5.));
#602 = VECTOR('',#603,1.);
#603 = DIRECTION('',(-1.,0.,0.));
#604 = ORIENTED_EDGE('',*,*,#605,.F.);
#605 = EDGE_CURVE('',#480,#598,#606,.T.);
#606 = LINE('',#607,#608);
#607 = CARTESIAN_POINT('',(-57.25,131.3,-5.));
#608 = VECTOR('',#609,1.);
#609 = DIRECTION('',(0.,-1.,0.));
#610 = ORIENTED_EDGE('',*,*,#487,.F.);
#611 = FACE_BOUND('',#612,.T.);
#612 = EDGE_LOOP('',(#613,#624,#633,#642));
#613 = ORIENTED_EDGE('',*,*,#614,.F.);
#614 = EDGE_CURVE('',#615,#617,#619,.T.);
#615 = VERTEX_POINT('',#616);
#616 = CARTESIAN_POINT('',(28.5,195.8,-5.));
#617 = VERTEX_POINT('',#618);
#618 = CARTESIAN_POINT('',(25.891941090708,192.05,-5.));
#619 = CIRCLE('',#620,4.);
#620 = AXIS2_PLACEMENT_3D('',#621,#622,#623);
#621 = CARTESIAN_POINT('',(24.5,195.8,-5.));
#622 = DIRECTION('',(0.,0.,-1.));
#623 = DIRECTION('',(1.,0.,0.));
#624 = ORIENTED_EDGE('',*,*,#625,.F.);
#625 = EDGE_CURVE('',#626,#615,#628,.T.);
#626 = VERTEX_POINT('',#627);
#627 = CARTESIAN_POINT('',(23.108058909292,192.05,-5.));
#628 = CIRCLE('',#629,4.);
#629 = AXIS2_PLACEMENT_3D('',#630,#631,#632);
#630 = CARTESIAN_POINT('',(24.5,195.8,-5.));
#631 = DIRECTION('',(0.,0.,-1.));
#632 = DIRECTION('',(1.,0.,0.));
#633 = ORIENTED_EDGE('',*,*,#634,.F.);
#634 = EDGE_CURVE('',#635,#626,#637,.T.);
#635 = VERTEX_POINT('',#636);
#636 = CARTESIAN_POINT('',(28.5,188.3,-5.));
#637 = CIRCLE('',#638,4.);
#638 = AXIS2_PLACEMENT_3D('',#639,#640,#641);
#639 = CARTESIAN_POINT('',(24.5,188.3,-5.));
#640 = DIRECTION('',(0.,0.,-1.));
#641 = DIRECTION('',(1.,0.,0.));
#642 = ORIENTED_EDGE('',*,*,#643,.F.);
#643 = EDGE_CURVE('',#617,#635,#644,.T.);
#644 = CIRCLE('',#645,4.);
#645 = AXIS2_PLACEMENT_3D('',#646,#647,#648);
#646 = CARTESIAN_POINT('',(24.5,188.3,-5.));
#647 = DIRECTION('',(0.,0.,-1.));
#648 = DIRECTION('',(1.,0.,0.));
#649 = FACE_BOUND('',#650,.T.);
#650 = EDGE_LOOP('',(#651,#662,#671,#680));
#651 = ORIENTED_EDGE('',*,*,#652,.F.);
#652 = EDGE_CURVE('',#653,#655,#657,.T.);
#653 = VERTEX_POINT('',#654);
#654 = CARTESIAN_POINT('',(-20.5,195.8,-5.));
#655 = VERTEX_POINT('',#656);
#656 = CARTESIAN_POINT('',(-23.10805890929,192.05,-5.));
#657 = CIRCLE('',#658,4.);
#658 = AXIS2_PLACEMENT_3D('',#659,#660,#661);
#659 = CARTESIAN_POINT('',(-24.5,195.8,-5.));
#660 = DIRECTION('',(0.,0.,-1.));
#661 = DIRECTION('',(1.,0.,0.));
#662 = ORIENTED_EDGE('',*,*,#663,.F.);
#663 = EDGE_CURVE('',#664,#653,#666,.T.);
#664 = VERTEX_POINT('',#665);
#665 = CARTESIAN_POINT('',(-25.8919410907,192.05,-5.));
#666 = CIRCLE('',#667,4.);
#667 = AXIS2_PLACEMENT_3D('',#668,#669,#670);
#668 = CARTESIAN_POINT('',(-24.5,195.8,-5.));
#669 = DIRECTION('',(0.,0.,-1.));
#670 = DIRECTION('',(1.,0.,0.));
#671 = ORIENTED_EDGE('',*,*,#672,.F.);
#672 = EDGE_CURVE('',#673,#664,#675,.T.);
#673 = VERTEX_POINT('',#674);
#674 = CARTESIAN_POINT('',(-20.5,188.3,-5.));
#675 = CIRCLE('',#676,4.);
#676 = AXIS2_PLACEMENT_3D('',#677,#678,#679);
#677 = CARTESIAN_POINT('',(-24.5,188.3,-5.));
#678 = DIRECTION('',(0.,0.,-1.));
#679 = DIRECTION('',(1.,0.,0.));
#680 = ORIENTED_EDGE('',*,*,#681,.F.);
#681 = EDGE_CURVE('',#655,#673,#682,.T.);
#682 = CIRCLE('',#683,4.);
#683 = AXIS2_PLACEMENT_3D('',#684,#685,#686);
#684 = CARTESIAN_POINT('',(-24.5,188.3,-5.));
#685 = DIRECTION('',(0.,0.,-1.));
#686 = DIRECTION('',(1.,0.,0.));
#687 = FACE_BOUND('',#688,.T.);
#688 = EDGE_LOOP('',(#689));
#689 = ORIENTED_EDGE('',*,*,#690,.F.);
#690 = EDGE_CURVE('',#691,#691,#693,.T.);
#691 = VERTEX_POINT('',#692);
#692 = CARTESIAN_POINT('',(-20.5,137.8,-5.));
#693 = CIRCLE('',#694,4.);
#694 = AXIS2_PLACEMENT_3D('',#695,#696,#697);
#695 = CARTESIAN_POINT('',(-24.5,137.8,-5.));
#696 = DIRECTION('',(0.,0.,-1.));
#697 = DIRECTION('',(1.,0.,0.));
#698 = FACE_BOUND('',#699,.T.);
#699 = EDGE_LOOP('',(#700));
#700 = ORIENTED_EDGE('',*,*,#701,.F.);
#701 = EDGE_CURVE('',#702,#702,#704,.T.);
#702 = VERTEX_POINT('',#703);
#703 = CARTESIAN_POINT('',(28.5,137.8,-5.));
#704 = CIRCLE('',#705,4.);
#705 = AXIS2_PLACEMENT_3D('',#706,#707,#708);
#706 = CARTESIAN_POINT('',(24.5,137.8,-5.));
#707 = DIRECTION('',(0.,0.,-1.));
#708 = DIRECTION('',(1.,0.,0.));
#709 = FACE_BOUND('',#710,.T.);
#710 = EDGE_LOOP('',(#711));
#711 = ORIENTED_EDGE('',*,*,#712,.F.);
#712 = EDGE_CURVE('',#713,#713,#715,.T.);
#713 = VERTEX_POINT('',#714);
#714 = CARTESIAN_POINT('',(-20.5,168.,-5.));
#715 = CIRCLE('',#716,4.);
#716 = AXIS2_PLACEMENT_3D('',#717,#718,#719);
#717 = CARTESIAN_POINT('',(-24.5,168.,-5.));
#718 = DIRECTION('',(0.,0.,-1.));
#719 = DIRECTION('',(1.,0.,0.));
#720 = FACE_BOUND('',#721,.T.);
#721 = EDGE_LOOP('',(#722));
#722 = ORIENTED_EDGE('',*,*,#723,.F.);
#723 = EDGE_CURVE('',#724,#724,#726,.T.);
#724 = VERTEX_POINT('',#725);
#725 = CARTESIAN_POINT('',(28.5,168.,-5.));
#726 = CIRCLE('',#727,4.);
#727 = AXIS2_PLACEMENT_3D('',#728,#729,#730);
#728 = CARTESIAN_POINT('',(24.5,168.,-5.));
#729 = DIRECTION('',(0.,0.,-1.));
#730 = DIRECTION('',(1.,0.,0.));
#731 = PLANE('',#732);
#732 = AXIS2_PLACEMENT_3D('',#733,#734,#735);
#733 = CARTESIAN_POINT('',(-0.575124608853,143.98538190901,-5.));
#734 = DIRECTION('',(-0.,-0.,-1.));
#735 = DIRECTION('',(-1.,0.,0.));
#736 = ADVANCED_FACE('',(#737),#755,.F.);
#737 = FACE_BOUND('',#738,.F.);
#738 = EDGE_LOOP('',(#739,#740,#741,#749));
#739 = ORIENTED_EDGE('',*,*,#242,.F.);
#740 = ORIENTED_EDGE('',*,*,#508,.T.);
#741 = ORIENTED_EDGE('',*,*,#742,.T.);
#742 = EDGE_CURVE('',#509,#743,#745,.T.);
#743 = VERTEX_POINT('',#744);
#744 = CARTESIAN_POINT('',(51.249999999993,143.8,-19.5));
#745 = LINE('',#746,#747);
#746 = CARTESIAN_POINT('',(51.249999999993,129.3,-5.));
#747 = VECTOR('',#748,1.);
#748 = DIRECTION('',(0.,0.707106781187,-0.707106781187));
#749 = ORIENTED_EDGE('',*,*,#750,.F.);
#750 = EDGE_CURVE('',#235,#743,#751,.T.);
#751 = LINE('',#752,#753);
#752 = CARTESIAN_POINT('',(57.249999999993,143.8,-19.5));
#753 = VECTOR('',#754,1.);
#754 = DIRECTION('',(-1.,-0.,-0.));
#755 = PLANE('',#756);
#756 = AXIS2_PLACEMENT_3D('',#757,#758,#759);
#757 = CARTESIAN_POINT('',(57.249999999993,129.3,-5.));
#758 = DIRECTION('',(0.,-0.707106781187,-0.707106781187));
#759 = DIRECTION('',(0.,0.707106781187,-0.707106781187));
#760 = ADVANCED_FACE('',(#761),#779,.T.);
#761 = FACE_BOUND('',#762,.T.);
#762 = EDGE_LOOP('',(#763,#764,#772,#778));
#763 = ORIENTED_EDGE('',*,*,#234,.F.);
#764 = ORIENTED_EDGE('',*,*,#765,.T.);
#765 = EDGE_CURVE('',#227,#766,#768,.T.);
#766 = VERTEX_POINT('',#767);
#767 = CARTESIAN_POINT('',(51.249999999993,143.8,-25.));
#768 = LINE('',#769,#770);
#769 = CARTESIAN_POINT('',(57.249999999993,143.8,-25.));
#770 = VECTOR('',#771,1.);
#771 = DIRECTION('',(-1.,-0.,-0.));
#772 = ORIENTED_EDGE('',*,*,#773,.T.);
#773 = EDGE_CURVE('',#766,#743,#774,.T.);
#774 = LINE('',#775,#776);
#775 = CARTESIAN_POINT('',(51.249999999993,143.8,-15.));
#776 = VECTOR('',#777,1.);
#777 = DIRECTION('',(0.,0.,1.));
#778 = ORIENTED_EDGE('',*,*,#750,.F.);
#779 = PLANE('',#780);
#780 = AXIS2_PLACEMENT_3D('',#781,#782,#783);
#781 = CARTESIAN_POINT('',(57.249999999993,143.8,-25.));
#782 = DIRECTION('',(0.,1.,0.));
#783 = DIRECTION('',(0.,0.,1.));
#784 = ADVANCED_FACE('',(#785),#810,.T.);
#785 = FACE_BOUND('',#786,.T.);
#786 = EDGE_LOOP('',(#787,#788,#796,#804));
#787 = ORIENTED_EDGE('',*,*,#524,.F.);
#788 = ORIENTED_EDGE('',*,*,#789,.T.);
#789 = EDGE_CURVE('',#517,#790,#792,.T.);
#790 = VERTEX_POINT('',#791);
#791 = CARTESIAN_POINT('',(51.249999999993,115.03249,-25.));
#792 = LINE('',#793,#794);
#793 = CARTESIAN_POINT('',(51.249999999993,115.03249,-5.));
#794 = VECTOR('',#795,1.);
#795 = DIRECTION('',(0.,0.,-1.));
#796 = ORIENTED_EDGE('',*,*,#797,.F.);
#797 = EDGE_CURVE('',#798,#790,#800,.T.);
#798 = VERTEX_POINT('',#799);
#799 = CARTESIAN_POINT('',(43.490631,110.29999999999,-25.));
#800 = LINE('',#801,#802);
#801 = CARTESIAN_POINT('',(17.122226530028,94.217737322399,-25.));
#802 = VECTOR('',#803,1.);
#803 = DIRECTION('',(0.853739075732,0.520701056815,0.));
#804 = ORIENTED_EDGE('',*,*,#805,.F.);
#805 = EDGE_CURVE('',#525,#798,#806,.T.);
#806 = LINE('',#807,#808);
#807 = CARTESIAN_POINT('',(43.490631,110.29999999999,-5.));
#808 = VECTOR('',#809,1.);
#809 = DIRECTION('',(0.,0.,-1.));
#810 = PLANE('',#811);
#811 = AXIS2_PLACEMENT_3D('',#812,#813,#814);
#812 = CARTESIAN_POINT('',(51.249999999993,115.03249,-5.));
#813 = DIRECTION('',(-0.520701056815,0.853739075732,0.));
#814 = DIRECTION('',(-0.853739075732,-0.520701056815,0.));
#815 = ADVANCED_FACE('',(#816),#834,.T.);
#816 = FACE_BOUND('',#817,.T.);
#817 = EDGE_LOOP('',(#818,#819,#820,#828));
#818 = ORIENTED_EDGE('',*,*,#532,.F.);
#819 = ORIENTED_EDGE('',*,*,#805,.T.);
#820 = ORIENTED_EDGE('',*,*,#821,.F.);
#821 = EDGE_CURVE('',#822,#798,#824,.T.);
#822 = VERTEX_POINT('',#823);
#823 = CARTESIAN_POINT('',(-1.750000000006,110.29999999999,-25.));
#824 = LINE('',#825,#826);
#825 = CARTESIAN_POINT('',(1.957672204666,110.29999999999,-25.));
#826 = VECTOR('',#827,1.);
#827 = DIRECTION('',(1.,0.,0.));
#828 = ORIENTED_EDGE('',*,*,#829,.F.);
#829 = EDGE_CURVE('',#533,#822,#830,.T.);
#830 = LINE('',#831,#832);
#831 = CARTESIAN_POINT('',(-1.750000000006,110.29999999999,-5.));
#832 = VECTOR('',#833,1.);
#833 = DIRECTION('',(0.,0.,-1.));
#834 = PLANE('',#835);
#835 = AXIS2_PLACEMENT_3D('',#836,#837,#838);
#836 = CARTESIAN_POINT('',(43.490631,110.29999999999,-5.));
#837 = DIRECTION('',(0.,1.,0.));
#838 = DIRECTION('',(-1.,0.,0.));
#839 = ADVANCED_FACE('',(#840),#858,.T.);
#840 = FACE_BOUND('',#841,.T.);
#841 = EDGE_LOOP('',(#842,#843,#844,#852));
#842 = ORIENTED_EDGE('',*,*,#540,.F.);
#843 = ORIENTED_EDGE('',*,*,#829,.T.);
#844 = ORIENTED_EDGE('',*,*,#845,.F.);
#845 = EDGE_CURVE('',#846,#822,#848,.T.);
#846 = VERTEX_POINT('',#847);
#847 = CARTESIAN_POINT('',(-1.750000000006,104.29999999999,-25.));
#848 = LINE('',#849,#850);
#849 = CARTESIAN_POINT('',(-1.750000000006,110.35411337215,-25.));
#850 = VECTOR('',#851,1.);
#851 = DIRECTION('',(0.,1.,0.));
#852 = ORIENTED_EDGE('',*,*,#853,.F.);
#853 = EDGE_CURVE('',#541,#846,#854,.T.);
#854 = LINE('',#855,#856);
#855 = CARTESIAN_POINT('',(-1.750000000006,104.29999999999,-5.));
#856 = VECTOR('',#857,1.);
#857 = DIRECTION('',(0.,0.,-1.));
#858 = PLANE('',#859);
#859 = AXIS2_PLACEMENT_3D('',#860,#861,#862);
#860 = CARTESIAN_POINT('',(-1.750000000006,110.29999999999,-5.));
#861 = DIRECTION('',(-1.,-0.,-0.));
#862 = DIRECTION('',(0.,-1.,0.));
#863 = ADVANCED_FACE('',(#864),#876,.T.);
#864 = FACE_BOUND('',#865,.F.);
#865 = EDGE_LOOP('',(#866,#867,#868,#875));
#866 = ORIENTED_EDGE('',*,*,#548,.F.);
#867 = ORIENTED_EDGE('',*,*,#120,.T.);
#868 = ORIENTED_EDGE('',*,*,#869,.F.);
#869 = EDGE_CURVE('',#846,#121,#870,.T.);
#870 = CIRCLE('',#871,2.999999999999);
#871 = AXIS2_PLACEMENT_3D('',#872,#873,#874);
#872 = CARTESIAN_POINT('',(1.249999999994,104.29999999999,-25.));
#873 = DIRECTION('',(0.,0.,1.));
#874 = DIRECTION('',(1.,0.,0.));
#875 = ORIENTED_EDGE('',*,*,#853,.F.);
#876 = CYLINDRICAL_SURFACE('',#877,2.999999999999);
#877 = AXIS2_PLACEMENT_3D('',#878,#879,#880);
#878 = CARTESIAN_POINT('',(1.249999999994,104.29999999999,-5.));
#879 = DIRECTION('',(0.,0.,1.));
#880 = DIRECTION('',(1.,0.,0.));
#881 = ADVANCED_FACE('',(#882),#901,.T.);
#882 = FACE_BOUND('',#883,.F.);
#883 = EDGE_LOOP('',(#884,#892,#899,#900));
#884 = ORIENTED_EDGE('',*,*,#885,.T.);
#885 = EDGE_CURVE('',#557,#886,#888,.T.);
#886 = VERTEX_POINT('',#887);
#887 = CARTESIAN_POINT('',(-11.94999999998,104.3,-25.));
#888 = LINE('',#889,#890);
#889 = CARTESIAN_POINT('',(-11.94999999998,104.3,-5.));
#890 = VECTOR('',#891,1.);
#891 = DIRECTION('',(0.,0.,-1.));
#892 = ORIENTED_EDGE('',*,*,#893,.T.);
#893 = EDGE_CURVE('',#886,#97,#894,.T.);
#894 = CIRCLE('',#895,2.999999999999);
#895 = AXIS2_PLACEMENT_3D('',#896,#897,#898);
#896 = CARTESIAN_POINT('',(-14.95,104.29999999999,-25.));
#897 = DIRECTION('',(0.,0.,-1.));
#898 = DIRECTION('',(1.,0.,0.));
#899 = ORIENTED_EDGE('',*,*,#104,.F.);
#900 = ORIENTED_EDGE('',*,*,#556,.F.);
#901 = CYLINDRICAL_SURFACE('',#902,2.999999999999);
#902 = AXIS2_PLACEMENT_3D('',#903,#904,#905);
#903 = CARTESIAN_POINT('',(-14.95,104.29999999999,-5.));
#904 = DIRECTION('',(0.,0.,1.));
#905 = DIRECTION('',(1.,0.,0.));
#906 = ADVANCED_FACE('',(#907),#925,.T.);
#907 = FACE_BOUND('',#908,.T.);
#908 = EDGE_LOOP('',(#909,#910,#918,#924));
#909 = ORIENTED_EDGE('',*,*,#885,.T.);
#910 = ORIENTED_EDGE('',*,*,#911,.T.);
#911 = EDGE_CURVE('',#886,#912,#914,.T.);
#912 = VERTEX_POINT('',#913);
#913 = CARTESIAN_POINT('',(-11.94999999996,110.29999999999,-25.));
#914 = LINE('',#915,#916);
#915 = CARTESIAN_POINT('',(-11.94999999996,104.3,-25.));
#916 = VECTOR('',#917,1.);
#917 = DIRECTION('',(0.,1.,0.));
#918 = ORIENTED_EDGE('',*,*,#919,.F.);
#919 = EDGE_CURVE('',#566,#912,#920,.T.);
#920 = LINE('',#921,#922);
#921 = CARTESIAN_POINT('',(-11.94999999996,110.29999999999,-5.));
#922 = VECTOR('',#923,1.);
#923 = DIRECTION('',(0.,0.,-1.));
#924 = ORIENTED_EDGE('',*,*,#565,.F.);
#925 = PLANE('',#926);
#926 = AXIS2_PLACEMENT_3D('',#927,#928,#929);
#927 = CARTESIAN_POINT('',(-11.94999999996,104.3,-5.));
#928 = DIRECTION('',(1.,0.,0.));
#929 = DIRECTION('',(0.,1.,0.));
#930 = ADVANCED_FACE('',(#931),#949,.T.);
#931 = FACE_BOUND('',#932,.T.);
#932 = EDGE_LOOP('',(#933,#934,#942,#948));
#933 = ORIENTED_EDGE('',*,*,#919,.T.);
#934 = ORIENTED_EDGE('',*,*,#935,.T.);
#935 = EDGE_CURVE('',#912,#936,#938,.T.);
#936 = VERTEX_POINT('',#937);
#937 = CARTESIAN_POINT('',(-47.24999999998,110.29999999999,-25.));
#938 = LINE('',#939,#940);
#939 = CARTESIAN_POINT('',(-11.94999999996,110.29999999999,-25.));
#940 = VECTOR('',#941,1.);
#941 = DIRECTION('',(-1.,0.,0.));
#942 = ORIENTED_EDGE('',*,*,#943,.F.);
#943 = EDGE_CURVE('',#574,#936,#944,.T.);
#944 = LINE('',#945,#946);
#945 = CARTESIAN_POINT('',(-47.24999999998,110.29999999999,-5.));
#946 = VECTOR('',#947,1.);
#947 = DIRECTION('',(0.,0.,-1.));
#948 = ORIENTED_EDGE('',*,*,#573,.F.);
#949 = PLANE('',#950);
#950 = AXIS2_PLACEMENT_3D('',#951,#952,#953);
#951 = CARTESIAN_POINT('',(-11.94999999996,110.29999999999,-5.));
#952 = DIRECTION('',(0.,1.,0.));
#953 = DIRECTION('',(-1.,0.,0.));
#954 = ADVANCED_FACE('',(#955),#973,.T.);
#955 = FACE_BOUND('',#956,.T.);
#956 = EDGE_LOOP('',(#957,#958,#966,#972));
#957 = ORIENTED_EDGE('',*,*,#943,.T.);
#958 = ORIENTED_EDGE('',*,*,#959,.T.);
#959 = EDGE_CURVE('',#936,#960,#962,.T.);
#960 = VERTEX_POINT('',#961);
#961 = CARTESIAN_POINT('',(-51.24999999999,114.3,-25.));
#962 = LINE('',#963,#964);
#963 = CARTESIAN_POINT('',(-47.24999999998,110.29999999999,-25.));
#964 = VECTOR('',#965,1.);
#965 = DIRECTION('',(-0.707106781187,0.707106781186,-0.));
#966 = ORIENTED_EDGE('',*,*,#967,.F.);
#967 = EDGE_CURVE('',#582,#960,#968,.T.);
#968 = LINE('',#969,#970);
#969 = CARTESIAN_POINT('',(-51.24999999999,114.3,-5.));
#970 = VECTOR('',#971,1.);
#971 = DIRECTION('',(0.,0.,-1.));
#972 = ORIENTED_EDGE('',*,*,#581,.F.);
#973 = PLANE('',#974);
#974 = AXIS2_PLACEMENT_3D('',#975,#976,#977);
#975 = CARTESIAN_POINT('',(-47.24999999998,110.29999999999,-5.));
#976 = DIRECTION('',(0.707106781186,0.707106781187,0.));
#977 = DIRECTION('',(-0.707106781187,0.707106781186,0.));
#978 = ADVANCED_FACE('',(#979,#1004),#1033,.T.);
#979 = FACE_BOUND('',#980,.T.);
#980 = EDGE_LOOP('',(#981,#989,#990,#998));
#981 = ORIENTED_EDGE('',*,*,#982,.F.);
#982 = EDGE_CURVE('',#598,#983,#985,.T.);
#983 = VERTEX_POINT('',#984);
#984 = CARTESIAN_POINT('',(-57.24999999999,146.8,-22.5));
#985 = LINE('',#986,#987);
#986 = CARTESIAN_POINT('',(-57.24999999999,129.3,-5.));
#987 = VECTOR('',#988,1.);
#988 = DIRECTION('',(-0.,0.707106781187,-0.707106781187));
#989 = ORIENTED_EDGE('',*,*,#597,.F.);
#990 = ORIENTED_EDGE('',*,*,#991,.T.);
#991 = EDGE_CURVE('',#590,#992,#994,.T.);
#992 = VERTEX_POINT('',#993);
#993 = CARTESIAN_POINT('',(-51.24999999999,146.8,-22.5));
#994 = LINE('',#995,#996);
#995 = CARTESIAN_POINT('',(-51.24999999999,125.55,-1.25));
#996 = VECTOR('',#997,1.);
#997 = DIRECTION('',(0.,0.707106781187,-0.707106781187));
#998 = ORIENTED_EDGE('',*,*,#999,.F.);
#999 = EDGE_CURVE('',#983,#992,#1000,.T.);
#1000 = LINE('',#1001,#1002);
#1001 = CARTESIAN_POINT('',(-57.24999999999,146.8,-22.5));
#1002 = VECTOR('',#1003,1.);
#1003 = DIRECTION('',(1.,0.,0.));
#1004 = FACE_BOUND('',#1005,.T.);
#1005 = EDGE_LOOP('',(#1006,#1017,#1026));
#1006 = ORIENTED_EDGE('',*,*,#1007,.F.);
#1007 = EDGE_CURVE('',#1008,#1010,#1012,.T.);
#1008 = VERTEX_POINT('',#1009);
#1009 = CARTESIAN_POINT('',(-52.27010101267,144.3,-20.));
#1010 = VERTEX_POINT('',#1011);
#1011 = CARTESIAN_POINT('',(-56.22989898732,144.3,-20.));
#1012 = ELLIPSE('',#1013,2.969848480983,2.1);
#1013 = AXIS2_PLACEMENT_3D('',#1014,#1015,#1016);
#1014 = CARTESIAN_POINT('',(-54.25,143.6,-19.3));
#1015 = DIRECTION('',(-0.,0.707106781187,0.707106781187));
#1016 = DIRECTION('',(0.,-0.707106781187,0.707106781187));
#1017 = ORIENTED_EDGE('',*,*,#1018,.T.);
#1018 = EDGE_CURVE('',#1008,#1019,#1021,.T.);
#1019 = VERTEX_POINT('',#1020);
#1020 = CARTESIAN_POINT('',(-55.18500436235,143.6,-19.3));
#1021 = HYPERBOLA('',#1022,0.747133166848,0.702826822912);
#1022 = AXIS2_PLACEMENT_3D('',#1023,#1024,#1025);
#1023 = CARTESIAN_POINT('',(-54.25,142.72075627525,-18.42075627525));
#1024 = DIRECTION('',(0.,0.707106781187,0.707106781187));
#1025 = DIRECTION('',(0.,0.707106781187,-0.707106781187));
#1026 = ORIENTED_EDGE('',*,*,#1027,.T.);
#1027 = EDGE_CURVE('',#1019,#1010,#1028,.T.);
#1028 = HYPERBOLA('',#1029,0.747133166848,0.702826822912);
#1029 = AXIS2_PLACEMENT_3D('',#1030,#1031,#1032);
#1030 = CARTESIAN_POINT('',(-54.25,142.72075627525,-18.42075627525));
#1031 = DIRECTION('',(0.,0.707106781187,0.707106781187));
#1032 = DIRECTION('',(0.,0.707106781187,-0.707106781187));
#1033 = PLANE('',#1034);
#1034 = AXIS2_PLACEMENT_3D('',#1035,#1036,#1037);
#1035 = CARTESIAN_POINT('',(-57.24999999999,129.3,-5.));
#1036 = DIRECTION('',(0.,0.707106781187,0.707106781187));
#1037 = DIRECTION('',(0.,0.707106781187,-0.707106781187));
#1038 = ADVANCED_FACE('',(#1039),#1064,.T.);
#1039 = FACE_BOUND('',#1040,.T.);
#1040 = EDGE_LOOP('',(#1041,#1049,#1050,#1058));
#1041 = ORIENTED_EDGE('',*,*,#1042,.F.);
#1042 = EDGE_CURVE('',#983,#1043,#1045,.T.);
#1043 = VERTEX_POINT('',#1044);
#1044 = CARTESIAN_POINT('',(-57.24999999999,146.8,-25.));
#1045 = LINE('',#1046,#1047);
#1046 = CARTESIAN_POINT('',(-57.24999999999,146.8,-22.5));
#1047 = VECTOR('',#1048,1.);
#1048 = DIRECTION('',(0.,0.,-1.));
#1049 = ORIENTED_EDGE('',*,*,#999,.T.);
#1050 = ORIENTED_EDGE('',*,*,#1051,.T.);
#1051 = EDGE_CURVE('',#992,#1052,#1054,.T.);
#1052 = VERTEX_POINT('',#1053);
#1053 = CARTESIAN_POINT('',(-51.24999999999,146.8,-25.));
#1054 = LINE('',#1055,#1056);
#1055 = CARTESIAN_POINT('',(-51.24999999999,146.8,-13.75));
#1056 = VECTOR('',#1057,1.);
#1057 = DIRECTION('',(0.,0.,-1.));
#1058 = ORIENTED_EDGE('',*,*,#1059,.F.);
#1059 = EDGE_CURVE('',#1043,#1052,#1060,.T.);
#1060 = LINE('',#1061,#1062);
#1061 = CARTESIAN_POINT('',(-57.24999999999,146.8,-25.));
#1062 = VECTOR('',#1063,1.);
#1063 = DIRECTION('',(1.,0.,0.));
#1064 = PLANE('',#1065);
#1065 = AXIS2_PLACEMENT_3D('',#1066,#1067,#1068);
#1066 = CARTESIAN_POINT('',(-57.24999999999,146.8,-22.5));
#1067 = DIRECTION('',(0.,1.,0.));
#1068 = DIRECTION('',(0.,0.,-1.));
#1069 = ADVANCED_FACE('',(#1070),#1105,.F.);
#1070 = FACE_BOUND('',#1071,.T.);
#1071 = EDGE_LOOP('',(#1072,#1082,#1089,#1090,#1097,#1098));
#1072 = ORIENTED_EDGE('',*,*,#1073,.F.);
#1073 = EDGE_CURVE('',#1074,#1076,#1078,.T.);
#1074 = VERTEX_POINT('',#1075);
#1075 = CARTESIAN_POINT('',(-56.35,143.6,-25.));
#1076 = VERTEX_POINT('',#1077);
#1077 = CARTESIAN_POINT('',(-56.35,143.6,-20.));
#1078 = LINE('',#1079,#1080);
#1079 = CARTESIAN_POINT('',(-56.35,143.6,-25.));
#1080 = VECTOR('',#1081,1.);
#1081 = DIRECTION('',(8.881784197001E-17,0.,1.));
#1082 = ORIENTED_EDGE('',*,*,#1083,.T.);
#1083 = EDGE_CURVE('',#1074,#1074,#1084,.T.);
#1084 = CIRCLE('',#1085,2.1);
#1085 = AXIS2_PLACEMENT_3D('',#1086,#1087,#1088);
#1086 = CARTESIAN_POINT('',(-54.25,143.6,-25.));
#1087 = DIRECTION('',(0.,0.,-1.));
#1088 = DIRECTION('',(-1.,0.,0.));
#1089 = ORIENTED_EDGE('',*,*,#1073,.T.);
#1090 = ORIENTED_EDGE('',*,*,#1091,.F.);
#1091 = EDGE_CURVE('',#1008,#1076,#1092,.T.);
#1092 = CIRCLE('',#1093,2.1);
#1093 = AXIS2_PLACEMENT_3D('',#1094,#1095,#1096);
#1094 = CARTESIAN_POINT('',(-54.25,143.6,-20.));
#1095 = DIRECTION('',(0.,0.,-1.));
#1096 = DIRECTION('',(-1.,0.,0.));
#1097 = ORIENTED_EDGE('',*,*,#1007,.T.);
#1098 = ORIENTED_EDGE('',*,*,#1099,.F.);
#1099 = EDGE_CURVE('',#1076,#1010,#1100,.T.);
#1100 = CIRCLE('',#1101,2.1);
#1101 = AXIS2_PLACEMENT_3D('',#1102,#1103,#1104);
#1102 = CARTESIAN_POINT('',(-54.25,143.6,-20.));
#1103 = DIRECTION('',(0.,0.,-1.));
#1104 = DIRECTION('',(-1.,0.,0.));
#1105 = CYLINDRICAL_SURFACE('',#1106,2.1);
#1106 = AXIS2_PLACEMENT_3D('',#1107,#1108,#1109);
#1107 = CARTESIAN_POINT('',(-54.25,143.6,-25.));
#1108 = DIRECTION('',(0.,0.,1.));
#1109 = DIRECTION('',(-1.,0.,0.));
#1110 = ADVANCED_FACE('',(#1111),#1121,.F.);
#1111 = FACE_BOUND('',#1112,.T.);
#1112 = EDGE_LOOP('',(#1113,#1119,#1120));
#1113 = ORIENTED_EDGE('',*,*,#1114,.F.);
#1114 = EDGE_CURVE('',#1076,#1019,#1115,.T.);
#1115 = LINE('',#1116,#1117);
#1116 = CARTESIAN_POINT('',(-56.35,143.6,-20.));
#1117 = VECTOR('',#1118,1.);
#1118 = DIRECTION('',(0.857167300702,0.,0.51503807491));
#1119 = ORIENTED_EDGE('',*,*,#1099,.T.);
#1120 = ORIENTED_EDGE('',*,*,#1027,.F.);
#1121 = CONICAL_SURFACE('',#1122,2.1,1.029744258677);
#1122 = AXIS2_PLACEMENT_3D('',#1123,#1124,#1125);
#1123 = CARTESIAN_POINT('',(-54.25,143.6,-20.));
#1124 = DIRECTION('',(-0.,-0.,-1.));
#1125 = DIRECTION('',(-1.,0.,0.));
#1126 = ADVANCED_FACE('',(#1127),#1132,.F.);
#1127 = FACE_BOUND('',#1128,.T.);
#1128 = EDGE_LOOP('',(#1129,#1130,#1131));
#1129 = ORIENTED_EDGE('',*,*,#1091,.T.);
#1130 = ORIENTED_EDGE('',*,*,#1114,.T.);
#1131 = ORIENTED_EDGE('',*,*,#1018,.F.);
#1132 = CONICAL_SURFACE('',#1133,2.1,1.029744258677);
#1133 = AXIS2_PLACEMENT_3D('',#1134,#1135,#1136);
#1134 = CARTESIAN_POINT('',(-54.25,143.6,-20.));
#1135 = DIRECTION('',(-0.,-0.,-1.));
#1136 = DIRECTION('',(-1.,0.,0.));
#1137 = ADVANCED_FACE('',(#1138),#1163,.F.);
#1138 = FACE_BOUND('',#1139,.T.);
#1139 = EDGE_LOOP('',(#1140,#1147,#1148,#1156));
#1140 = ORIENTED_EDGE('',*,*,#1141,.F.);
#1141 = EDGE_CURVE('',#617,#1142,#1144,.T.);
#1142 = VERTEX_POINT('',#1143);
#1143 = CARTESIAN_POINT('',(25.543955818031,191.1125,-4.));
#1144 = B_SPLINE_CURVE_WITH_KNOTS('',1,(#1145,#1146),.UNSPECIFIED.,.F.,
  .F.,(2,2),(0.,2.132527210141),.PIECEWISE_BEZIER_KNOTS.);
#1145 = CARTESIAN_POINT('',(25.891941090708,192.05,-5.));
#1146 = CARTESIAN_POINT('',(25.543955818031,191.1125,-4.));
#1147 = ORIENTED_EDGE('',*,*,#643,.T.);
#1148 = ORIENTED_EDGE('',*,*,#1149,.T.);
#1149 = EDGE_CURVE('',#635,#1150,#1152,.T.);
#1150 = VERTEX_POINT('',#1151);
#1151 = CARTESIAN_POINT('',(27.5,188.3,-4.));
#1152 = LINE('',#1153,#1154);
#1153 = CARTESIAN_POINT('',(27.5,188.3,-4.));
#1154 = VECTOR('',#1155,1.);
#1155 = DIRECTION('',(-0.707106781187,0.,0.707106781187));
#1156 = ORIENTED_EDGE('',*,*,#1157,.F.);
#1157 = EDGE_CURVE('',#1142,#1150,#1158,.T.);
#1158 = CIRCLE('',#1159,3.);
#1159 = AXIS2_PLACEMENT_3D('',#1160,#1161,#1162);
#1160 = CARTESIAN_POINT('',(24.5,188.3,-4.));
#1161 = DIRECTION('',(0.,0.,-1.));
#1162 = DIRECTION('',(1.,0.,0.));
#1163 = CONICAL_SURFACE('',#1164,3.,0.785398163397);
#1164 = AXIS2_PLACEMENT_3D('',#1165,#1166,#1167);
#1165 = CARTESIAN_POINT('',(24.5,188.3,-4.));
#1166 = DIRECTION('',(-0.,-0.,-1.));
#1167 = DIRECTION('',(1.,0.,0.));
#1168 = ADVANCED_FACE('',(#1169),#1188,.F.);
#1169 = FACE_BOUND('',#1170,.T.);
#1170 = EDGE_LOOP('',(#1171,#1172,#1173,#1181));
#1171 = ORIENTED_EDGE('',*,*,#1149,.F.);
#1172 = ORIENTED_EDGE('',*,*,#634,.T.);
#1173 = ORIENTED_EDGE('',*,*,#1174,.T.);
#1174 = EDGE_CURVE('',#626,#1175,#1177,.T.);
#1175 = VERTEX_POINT('',#1176);
#1176 = CARTESIAN_POINT('',(23.456044181969,191.1125,-4.));
#1177 = LINE('',#1178,#1179);
#1178 = CARTESIAN_POINT('',(23.456044181969,191.1125,-4.));
#1179 = VECTOR('',#1180,1.);
#1180 = DIRECTION('',(0.246062746063,-0.662912607362,0.707106781187));
#1181 = ORIENTED_EDGE('',*,*,#1182,.F.);
#1182 = EDGE_CURVE('',#1150,#1175,#1183,.T.);
#1183 = CIRCLE('',#1184,3.);
#1184 = AXIS2_PLACEMENT_3D('',#1185,#1186,#1187);
#1185 = CARTESIAN_POINT('',(24.5,188.3,-4.));
#1186 = DIRECTION('',(0.,0.,-1.));
#1187 = DIRECTION('',(1.,0.,0.));
#1188 = CONICAL_SURFACE('',#1189,3.,0.785398163397);
#1189 = AXIS2_PLACEMENT_3D('',#1190,#1191,#1192);
#1190 = CARTESIAN_POINT('',(24.5,188.3,-4.));
#1191 = DIRECTION('',(-0.,-0.,-1.));
#1192 = DIRECTION('',(1.,0.,0.));
#1193 = ADVANCED_FACE('',(#1194),#1224,.F.);
#1194 = FACE_BOUND('',#1195,.F.);
#1195 = EDGE_LOOP('',(#1196,#1197,#1210,#1211));
#1196 = ORIENTED_EDGE('',*,*,#1174,.T.);
#1197 = ORIENTED_EDGE('',*,*,#1198,.T.);
#1198 = EDGE_CURVE('',#1175,#1142,#1199,.T.);
#1199 = B_SPLINE_CURVE_WITH_KNOTS('',9,(#1200,#1201,#1202,#1203,#1204,
    #1205,#1206,#1207,#1208,#1209),.UNSPECIFIED.,.F.,.F.,(10,10),(
    13.070903336083,15.203430546225),.PIECEWISE_BEZIER_KNOTS.);
#1200 = CARTESIAN_POINT('',(23.456044181969,191.1125,-4.));
#1201 = CARTESIAN_POINT('',(23.678182424172,191.1949542259,-4.));
#1202 = CARTESIAN_POINT('',(23.907647185397,191.25767030138,-4.));
#1203 = CARTESIAN_POINT('',(24.142434032625,191.29990420376,
    -4.000000000001));
#1204 = CARTESIAN_POINT('',(24.380450453559,191.32114942854,
    -3.999999999999));
#1205 = CARTESIAN_POINT('',(24.619549546441,191.32114942864,
    -4.000000000001));
#1206 = CARTESIAN_POINT('',(24.857565967375,191.29990420369,
    -3.999999999999));
#1207 = CARTESIAN_POINT('',(25.092352814603,191.25767030141,-4.));
#1208 = CARTESIAN_POINT('',(25.321817575828,191.1949542259,-4.));
#1209 = CARTESIAN_POINT('',(25.543955818031,191.1125,-4.));
#1210 = ORIENTED_EDGE('',*,*,#1141,.F.);
#1211 = ORIENTED_EDGE('',*,*,#1212,.F.);
#1212 = EDGE_CURVE('',#626,#617,#1213,.T.);
#1213 = B_SPLINE_CURVE_WITH_KNOTS('',9,(#1214,#1215,#1216,#1217,#1218,
    #1219,#1220,#1221,#1222,#1223),.UNSPECIFIED.,.F.,.F.,(10,10),(
    13.070903336083,15.203430546225),.PIECEWISE_BEZIER_KNOTS.);
#1214 = CARTESIAN_POINT('',(23.108058909293,192.05,-5.));
#1215 = CARTESIAN_POINT('',(23.40424323223,192.15993896787,-5.));
#1216 = CARTESIAN_POINT('',(23.710344253353,192.24290218055,
    -5.047172408411));
#1217 = CARTESIAN_POINT('',(24.022214144147,192.303256437,-5.11634825535
    ));
#1218 = CARTESIAN_POINT('',(24.348456987075,192.30913373284,
    -5.171482275116));
#1219 = CARTESIAN_POINT('',(24.651543012924,192.30913373291,
    -5.171482275117));
#1220 = CARTESIAN_POINT('',(24.977785855854,192.30325643695,
    -5.116348255349));
#1221 = CARTESIAN_POINT('',(25.289655746647,192.24290218057,
    -5.047172408411));
#1222 = CARTESIAN_POINT('',(25.59575676777,192.15993896786,-5.));
#1223 = CARTESIAN_POINT('',(25.891941090708,192.05,-5.));
#1224 = B_SPLINE_SURFACE_WITH_KNOTS('',1,9,(
    (#1225,#1226,#1227,#1228,#1229,#1230,#1231,#1232,#1233,#1234)
    ,(#1235,#1236,#1237,#1238,#1239,#1240,#1241,#1242,#1243,#1244
  )),.UNSPECIFIED.,.F.,.F.,.F.,(2,2),(10,10),(0.,2.132527210141),(
    13.070903336083,15.203430546225),.PIECEWISE_BEZIER_KNOTS.);
#1225 = CARTESIAN_POINT('',(23.108058909293,192.05,-5.));
#1226 = CARTESIAN_POINT('',(23.40424323223,192.15993896787,-5.));
#1227 = CARTESIAN_POINT('',(23.710344253353,192.24290218055,
    -5.047172408411));
#1228 = CARTESIAN_POINT('',(24.022214144147,192.303256437,-5.11634825535
    ));
#1229 = CARTESIAN_POINT('',(24.348456987075,192.30913373284,
    -5.171482275116));
#1230 = CARTESIAN_POINT('',(24.651543012924,192.30913373291,
    -5.171482275117));
#1231 = CARTESIAN_POINT('',(24.977785855854,192.30325643695,
    -5.116348255349));
#1232 = CARTESIAN_POINT('',(25.289655746647,192.24290218057,
    -5.047172408411));
#1233 = CARTESIAN_POINT('',(25.59575676777,192.15993896786,-5.));
#1234 = CARTESIAN_POINT('',(25.891941090708,192.05,-5.));
#1235 = CARTESIAN_POINT('',(23.456044181969,191.1125,-4.));
#1236 = CARTESIAN_POINT('',(23.678182424172,191.1949542259,-4.));
#1237 = CARTESIAN_POINT('',(23.907647185397,191.25767030138,-4.));
#1238 = CARTESIAN_POINT('',(24.142434032625,191.29990420376,
    -4.000000000001));
#1239 = CARTESIAN_POINT('',(24.380450453559,191.32114942854,
    -3.999999999999));
#1240 = CARTESIAN_POINT('',(24.619549546441,191.32114942864,
    -4.000000000001));
#1241 = CARTESIAN_POINT('',(24.857565967375,191.29990420369,
    -3.999999999999));
#1242 = CARTESIAN_POINT('',(25.092352814603,191.25767030141,-4.));
#1243 = CARTESIAN_POINT('',(25.321817575828,191.1949542259,-4.));
#1244 = CARTESIAN_POINT('',(25.543955818031,191.1125,-4.));
#1245 = ADVANCED_FACE('',(#1246),#1268,.F.);
#1246 = FACE_BOUND('',#1247,.T.);
#1247 = EDGE_LOOP('',(#1248,#1249,#1250,#1251,#1260,#1267));
#1248 = ORIENTED_EDGE('',*,*,#614,.T.);
#1249 = ORIENTED_EDGE('',*,*,#1212,.F.);
#1250 = ORIENTED_EDGE('',*,*,#625,.T.);
#1251 = ORIENTED_EDGE('',*,*,#1252,.T.);
#1252 = EDGE_CURVE('',#615,#1253,#1255,.T.);
#1253 = VERTEX_POINT('',#1254);
#1254 = CARTESIAN_POINT('',(27.5,195.8,-6.));
#1255 = CIRCLE('',#1256,1.);
#1256 = AXIS2_PLACEMENT_3D('',#1257,#1258,#1259);
#1257 = CARTESIAN_POINT('',(28.5,195.8,-6.));
#1258 = DIRECTION('',(0.,-1.,0.));
#1259 = DIRECTION('',(1.,0.,0.));
#1260 = ORIENTED_EDGE('',*,*,#1261,.F.);
#1261 = EDGE_CURVE('',#1253,#1253,#1262,.T.);
#1262 = CIRCLE('',#1263,3.);
#1263 = AXIS2_PLACEMENT_3D('',#1264,#1265,#1266);
#1264 = CARTESIAN_POINT('',(24.5,195.8,-6.));
#1265 = DIRECTION('',(0.,0.,-1.));
#1266 = DIRECTION('',(1.,0.,0.));
#1267 = ORIENTED_EDGE('',*,*,#1252,.F.);
#1268 = TOROIDAL_SURFACE('',#1269,4.,1.);
#1269 = AXIS2_PLACEMENT_3D('',#1270,#1271,#1272);
#1270 = CARTESIAN_POINT('',(24.5,195.8,-6.));
#1271 = DIRECTION('',(0.,0.,1.));
#1272 = DIRECTION('',(1.,0.,0.));
#1273 = ADVANCED_FACE('',(#1274),#1293,.T.);
#1274 = FACE_BOUND('',#1275,.F.);
#1275 = EDGE_LOOP('',(#1276,#1284,#1291,#1292));
#1276 = ORIENTED_EDGE('',*,*,#1277,.T.);
#1277 = EDGE_CURVE('',#1253,#1278,#1280,.T.);
#1278 = VERTEX_POINT('',#1279);
#1279 = CARTESIAN_POINT('',(27.5,195.8,-9.));
#1280 = LINE('',#1281,#1282);
#1281 = CARTESIAN_POINT('',(27.5,195.8,-5.));
#1282 = VECTOR('',#1283,1.);
#1283 = DIRECTION('',(0.,0.,-1.));
#1284 = ORIENTED_EDGE('',*,*,#1285,.T.);
#1285 = EDGE_CURVE('',#1278,#1278,#1286,.T.);
#1286 = CIRCLE('',#1287,3.);
#1287 = AXIS2_PLACEMENT_3D('',#1288,#1289,#1290);
#1288 = CARTESIAN_POINT('',(24.5,195.8,-9.));
#1289 = DIRECTION('',(0.,0.,-1.));
#1290 = DIRECTION('',(1.,0.,0.));
#1291 = ORIENTED_EDGE('',*,*,#1277,.F.);
#1292 = ORIENTED_EDGE('',*,*,#1261,.F.);
#1293 = CYLINDRICAL_SURFACE('',#1294,3.);
#1294 = AXIS2_PLACEMENT_3D('',#1295,#1296,#1297);
#1295 = CARTESIAN_POINT('',(24.5,195.8,-5.));
#1296 = DIRECTION('',(0.,0.,1.));
#1297 = DIRECTION('',(1.,0.,0.));
#1298 = ADVANCED_FACE('',(#1299),#1320,.F.);
#1299 = FACE_BOUND('',#1300,.T.);
#1300 = EDGE_LOOP('',(#1301,#1309,#1316,#1317,#1318,#1319));
#1301 = ORIENTED_EDGE('',*,*,#1302,.F.);
#1302 = EDGE_CURVE('',#1303,#1150,#1305,.T.);
#1303 = VERTEX_POINT('',#1304);
#1304 = CARTESIAN_POINT('',(27.5,188.3,-1.5));
#1305 = LINE('',#1306,#1307);
#1306 = CARTESIAN_POINT('',(27.5,188.3,0.));
#1307 = VECTOR('',#1308,1.);
#1308 = DIRECTION('',(0.,0.,-1.));
#1309 = ORIENTED_EDGE('',*,*,#1310,.T.);
#1310 = EDGE_CURVE('',#1303,#1303,#1311,.T.);
#1311 = CIRCLE('',#1312,3.);
#1312 = AXIS2_PLACEMENT_3D('',#1313,#1314,#1315);
#1313 = CARTESIAN_POINT('',(24.5,188.3,-1.5));
#1314 = DIRECTION('',(0.,0.,1.));
#1315 = DIRECTION('',(1.,0.,0.));
#1316 = ORIENTED_EDGE('',*,*,#1302,.T.);
#1317 = ORIENTED_EDGE('',*,*,#1182,.T.);
#1318 = ORIENTED_EDGE('',*,*,#1198,.T.);
#1319 = ORIENTED_EDGE('',*,*,#1157,.T.);
#1320 = CYLINDRICAL_SURFACE('',#1321,3.);
#1321 = AXIS2_PLACEMENT_3D('',#1322,#1323,#1324);
#1322 = CARTESIAN_POINT('',(24.5,188.3,0.));
#1323 = DIRECTION('',(0.,0.,1.));
#1324 = DIRECTION('',(1.,0.,0.));
#1325 = ADVANCED_FACE('',(#1326),#1346,.T.);
#1326 = FACE_BOUND('',#1327,.T.);
#1327 = EDGE_LOOP('',(#1328,#1337,#1338,#1339));
#1328 = ORIENTED_EDGE('',*,*,#1329,.F.);
#1329 = EDGE_CURVE('',#1278,#1330,#1332,.T.);
#1330 = VERTEX_POINT('',#1331);
#1331 = CARTESIAN_POINT('',(26.5,195.8,-10.));
#1332 = CIRCLE('',#1333,1.);
#1333 = AXIS2_PLACEMENT_3D('',#1334,#1335,#1336);
#1334 = CARTESIAN_POINT('',(26.5,195.8,-9.));
#1335 = DIRECTION('',(-0.,1.,0.));
#1336 = DIRECTION('',(1.,0.,0.));
#1337 = ORIENTED_EDGE('',*,*,#1285,.T.);
#1338 = ORIENTED_EDGE('',*,*,#1329,.T.);
#1339 = ORIENTED_EDGE('',*,*,#1340,.F.);
#1340 = EDGE_CURVE('',#1330,#1330,#1341,.T.);
#1341 = CIRCLE('',#1342,2.);
#1342 = AXIS2_PLACEMENT_3D('',#1343,#1344,#1345);
#1343 = CARTESIAN_POINT('',(24.5,195.8,-10.));
#1344 = DIRECTION('',(0.,0.,-1.));
#1345 = DIRECTION('',(1.,0.,0.));
#1346 = TOROIDAL_SURFACE('',#1347,2.,1.);
#1347 = AXIS2_PLACEMENT_3D('',#1348,#1349,#1350);
#1348 = CARTESIAN_POINT('',(24.5,195.8,-9.));
#1349 = DIRECTION('',(-0.,-0.,-1.));
#1350 = DIRECTION('',(1.,0.,0.));
#1351 = ADVANCED_FACE('',(#1352,#1355),#1366,.F.);
#1352 = FACE_BOUND('',#1353,.F.);
#1353 = EDGE_LOOP('',(#1354));
#1354 = ORIENTED_EDGE('',*,*,#1310,.T.);
#1355 = FACE_BOUND('',#1356,.T.);
#1356 = EDGE_LOOP('',(#1357));
#1357 = ORIENTED_EDGE('',*,*,#1358,.T.);
#1358 = EDGE_CURVE('',#1359,#1359,#1361,.T.);
#1359 = VERTEX_POINT('',#1360);
#1360 = CARTESIAN_POINT('',(26.1,188.3,-1.5));
#1361 = CIRCLE('',#1362,1.6);
#1362 = AXIS2_PLACEMENT_3D('',#1363,#1364,#1365);
#1363 = CARTESIAN_POINT('',(24.5,188.3,-1.5));
#1364 = DIRECTION('',(0.,0.,1.));
#1365 = DIRECTION('',(1.,0.,0.));
#1366 = PLANE('',#1367);
#1367 = AXIS2_PLACEMENT_3D('',#1368,#1369,#1370);
#1368 = CARTESIAN_POINT('',(1.449189270898E-15,178.15,-1.5));
#1369 = DIRECTION('',(0.,0.,1.));
#1370 = DIRECTION('',(1.,0.,0.));
#1371 = ADVANCED_FACE('',(#1372),#1391,.F.);
#1372 = FACE_BOUND('',#1373,.F.);
#1373 = EDGE_LOOP('',(#1374,#1382,#1383,#1384));
#1374 = ORIENTED_EDGE('',*,*,#1375,.T.);
#1375 = EDGE_CURVE('',#1376,#1359,#1378,.T.);
#1376 = VERTEX_POINT('',#1377);
#1377 = CARTESIAN_POINT('',(26.1,188.3,0.));
#1378 = LINE('',#1379,#1380);
#1379 = CARTESIAN_POINT('',(26.1,188.3,0.));
#1380 = VECTOR('',#1381,1.);
#1381 = DIRECTION('',(-0.,-0.,-1.));
#1382 = ORIENTED_EDGE('',*,*,#1358,.T.);
#1383 = ORIENTED_EDGE('',*,*,#1375,.F.);
#1384 = ORIENTED_EDGE('',*,*,#1385,.F.);
#1385 = EDGE_CURVE('',#1376,#1376,#1386,.T.);
#1386 = CIRCLE('',#1387,1.6);
#1387 = AXIS2_PLACEMENT_3D('',#1388,#1389,#1390);
#1388 = CARTESIAN_POINT('',(24.5,188.3,0.));
#1389 = DIRECTION('',(0.,0.,1.));
#1390 = DIRECTION('',(1.,0.,0.));
#1391 = CYLINDRICAL_SURFACE('',#1392,1.6);
#1392 = AXIS2_PLACEMENT_3D('',#1393,#1394,#1395);
#1393 = CARTESIAN_POINT('',(24.5,188.3,0.));
#1394 = DIRECTION('',(0.,0.,1.));
#1395 = DIRECTION('',(1.,0.,0.));
#1396 = ADVANCED_FACE('',(#1397,#1400),#1411,.F.);
#1397 = FACE_BOUND('',#1398,.F.);
#1398 = EDGE_LOOP('',(#1399));
#1399 = ORIENTED_EDGE('',*,*,#1340,.F.);
#1400 = FACE_BOUND('',#1401,.F.);
#1401 = EDGE_LOOP('',(#1402));
#1402 = ORIENTED_EDGE('',*,*,#1403,.T.);
#1403 = EDGE_CURVE('',#1404,#1404,#1406,.T.);
#1404 = VERTEX_POINT('',#1405);
#1405 = CARTESIAN_POINT('',(26.1,195.8,-10.));
#1406 = CIRCLE('',#1407,1.6);
#1407 = AXIS2_PLACEMENT_3D('',#1408,#1409,#1410);
#1408 = CARTESIAN_POINT('',(24.5,195.8,-10.));
#1409 = DIRECTION('',(0.,0.,-1.));
#1410 = DIRECTION('',(1.,0.,0.));
#1411 = PLANE('',#1412);
#1412 = AXIS2_PLACEMENT_3D('',#1413,#1414,#1415);
#1413 = CARTESIAN_POINT('',(1.449189270898E-15,166.8,-10.));
#1414 = DIRECTION('',(0.,0.,1.));
#1415 = DIRECTION('',(1.,0.,0.));
#1416 = ADVANCED_FACE('',(#1417),#1436,.F.);
#1417 = FACE_BOUND('',#1418,.T.);
#1418 = EDGE_LOOP('',(#1419,#1427,#1428,#1429));
#1419 = ORIENTED_EDGE('',*,*,#1420,.T.);
#1420 = EDGE_CURVE('',#1421,#1404,#1423,.T.);
#1421 = VERTEX_POINT('',#1422);
#1422 = CARTESIAN_POINT('',(26.1,195.8,-5.));
#1423 = LINE('',#1424,#1425);
#1424 = CARTESIAN_POINT('',(26.1,195.8,-5.));
#1425 = VECTOR('',#1426,1.);
#1426 = DIRECTION('',(0.,0.,-1.));
#1427 = ORIENTED_EDGE('',*,*,#1403,.T.);
#1428 = ORIENTED_EDGE('',*,*,#1420,.F.);
#1429 = ORIENTED_EDGE('',*,*,#1430,.F.);
#1430 = EDGE_CURVE('',#1421,#1421,#1431,.T.);
#1431 = CIRCLE('',#1432,1.6);
#1432 = AXIS2_PLACEMENT_3D('',#1433,#1434,#1435);
#1433 = CARTESIAN_POINT('',(24.5,195.8,-5.));
#1434 = DIRECTION('',(0.,0.,-1.));
#1435 = DIRECTION('',(1.,0.,0.));
#1436 = CYLINDRICAL_SURFACE('',#1437,1.6);
#1437 = AXIS2_PLACEMENT_3D('',#1438,#1439,#1440);
#1438 = CARTESIAN_POINT('',(24.5,195.8,-5.));
#1439 = DIRECTION('',(0.,0.,1.));
#1440 = DIRECTION('',(1.,0.,0.));
#1441 = ADVANCED_FACE('',(#1442),#1445,.F.);
#1442 = FACE_BOUND('',#1443,.F.);
#1443 = EDGE_LOOP('',(#1444));
#1444 = ORIENTED_EDGE('',*,*,#1430,.F.);
#1445 = PLANE('',#1446);
#1446 = AXIS2_PLACEMENT_3D('',#1447,#1448,#1449);
#1447 = CARTESIAN_POINT('',(5.374227009954E-15,165.46155951987,-5.));
#1448 = DIRECTION('',(0.,0.,1.));
#1449 = DIRECTION('',(1.,0.,0.));
#1450 = ADVANCED_FACE('',(#1451),#1476,.F.);
#1451 = FACE_BOUND('',#1452,.T.);
#1452 = EDGE_LOOP('',(#1453,#1460,#1461,#1469));
#1453 = ORIENTED_EDGE('',*,*,#1454,.F.);
#1454 = EDGE_CURVE('',#655,#1455,#1457,.T.);
#1455 = VERTEX_POINT('',#1456);
#1456 = CARTESIAN_POINT('',(-23.45604418196,191.1125,-4.));
#1457 = B_SPLINE_CURVE_WITH_KNOTS('',1,(#1458,#1459),.UNSPECIFIED.,.F.,
  .F.,(2,2),(0.,2.132527210141),.PIECEWISE_BEZIER_KNOTS.);
#1458 = CARTESIAN_POINT('',(-23.10805890929,192.05,-5.));
#1459 = CARTESIAN_POINT('',(-23.45604418196,191.1125,-4.));
#1460 = ORIENTED_EDGE('',*,*,#681,.T.);
#1461 = ORIENTED_EDGE('',*,*,#1462,.T.);
#1462 = EDGE_CURVE('',#673,#1463,#1465,.T.);
#1463 = VERTEX_POINT('',#1464);
#1464 = CARTESIAN_POINT('',(-21.5,188.3,-4.));
#1465 = LINE('',#1466,#1467);
#1466 = CARTESIAN_POINT('',(-21.5,188.3,-4.));
#1467 = VECTOR('',#1468,1.);
#1468 = DIRECTION('',(-0.707106781187,0.,0.707106781187));
#1469 = ORIENTED_EDGE('',*,*,#1470,.F.);
#1470 = EDGE_CURVE('',#1455,#1463,#1471,.T.);
#1471 = CIRCLE('',#1472,3.);
#1472 = AXIS2_PLACEMENT_3D('',#1473,#1474,#1475);
#1473 = CARTESIAN_POINT('',(-24.5,188.3,-4.));
#1474 = DIRECTION('',(0.,0.,-1.));
#1475 = DIRECTION('',(1.,0.,0.));
#1476 = CONICAL_SURFACE('',#1477,3.,0.785398163397);
#1477 = AXIS2_PLACEMENT_3D('',#1478,#1479,#1480);
#1478 = CARTESIAN_POINT('',(-24.5,188.3,-4.));
#1479 = DIRECTION('',(-0.,-0.,-1.));
#1480 = DIRECTION('',(1.,0.,0.));
#1481 = ADVANCED_FACE('',(#1482),#1501,.F.);
#1482 = FACE_BOUND('',#1483,.T.);
#1483 = EDGE_LOOP('',(#1484,#1485,#1486,#1494));
#1484 = ORIENTED_EDGE('',*,*,#1462,.F.);
#1485 = ORIENTED_EDGE('',*,*,#672,.T.);
#1486 = ORIENTED_EDGE('',*,*,#1487,.T.);
#1487 = EDGE_CURVE('',#664,#1488,#1490,.T.);
#1488 = VERTEX_POINT('',#1489);
#1489 = CARTESIAN_POINT('',(-25.54395581803,191.1125,-4.));
#1490 = LINE('',#1491,#1492);
#1491 = CARTESIAN_POINT('',(-25.54395581803,191.1125,-4.));
#1492 = VECTOR('',#1493,1.);
#1493 = DIRECTION('',(0.246062746063,-0.662912607362,0.707106781187));
#1494 = ORIENTED_EDGE('',*,*,#1495,.F.);
#1495 = EDGE_CURVE('',#1463,#1488,#1496,.T.);
#1496 = CIRCLE('',#1497,3.);
#1497 = AXIS2_PLACEMENT_3D('',#1498,#1499,#1500);
#1498 = CARTESIAN_POINT('',(-24.5,188.3,-4.));
#1499 = DIRECTION('',(0.,0.,-1.));
#1500 = DIRECTION('',(1.,0.,0.));
#1501 = CONICAL_SURFACE('',#1502,3.,0.785398163397);
#1502 = AXIS2_PLACEMENT_3D('',#1503,#1504,#1505);
#1503 = CARTESIAN_POINT('',(-24.5,188.3,-4.));
#1504 = DIRECTION('',(-0.,-0.,-1.));
#1505 = DIRECTION('',(1.,0.,0.));
#1506 = ADVANCED_FACE('',(#1507),#1537,.F.);
#1507 = FACE_BOUND('',#1508,.F.);
#1508 = EDGE_LOOP('',(#1509,#1510,#1523,#1524));
#1509 = ORIENTED_EDGE('',*,*,#1487,.T.);
#1510 = ORIENTED_EDGE('',*,*,#1511,.T.);
#1511 = EDGE_CURVE('',#1488,#1455,#1512,.T.);
#1512 = B_SPLINE_CURVE_WITH_KNOTS('',9,(#1513,#1514,#1515,#1516,#1517,
    #1518,#1519,#1520,#1521,#1522),.UNSPECIFIED.,.F.,.F.,(10,10),(
    13.070903336083,15.203430546225),.PIECEWISE_BEZIER_KNOTS.);
#1513 = CARTESIAN_POINT('',(-25.54395581803,191.1125,-4.));
#1514 = CARTESIAN_POINT('',(-25.32181757582,191.1949542259,-4.));
#1515 = CARTESIAN_POINT('',(-25.0923528146,191.25767030139,-4.));
#1516 = CARTESIAN_POINT('',(-24.85756596737,191.29990420374,-4.));
#1517 = CARTESIAN_POINT('',(-24.61954954643,191.32114942857,-4.));
#1518 = CARTESIAN_POINT('',(-24.38045045356,191.32114942861,-4.));
#1519 = CARTESIAN_POINT('',(-24.14243403262,191.29990420371,-4.));
#1520 = CARTESIAN_POINT('',(-23.90764718539,191.2576703014,-4.));
#1521 = CARTESIAN_POINT('',(-23.67818242417,191.1949542259,-4.));
#1522 = CARTESIAN_POINT('',(-23.45604418196,191.1125,-4.));
#1523 = ORIENTED_EDGE('',*,*,#1454,.F.);
#1524 = ORIENTED_EDGE('',*,*,#1525,.F.);
#1525 = EDGE_CURVE('',#664,#655,#1526,.T.);
#1526 = B_SPLINE_CURVE_WITH_KNOTS('',9,(#1527,#1528,#1529,#1530,#1531,
    #1532,#1533,#1534,#1535,#1536),.UNSPECIFIED.,.F.,.F.,(10,10),(
    13.070903336083,15.203430546225),.PIECEWISE_BEZIER_KNOTS.);
#1527 = CARTESIAN_POINT('',(-25.8919410907,192.05,-5.));
#1528 = CARTESIAN_POINT('',(-25.59575676777,192.15993896787,-5.));
#1529 = CARTESIAN_POINT('',(-25.28965574664,192.24290218056,
    -5.047172408411));
#1530 = CARTESIAN_POINT('',(-24.97778585585,192.30325643698,
    -5.11634825535));
#1531 = CARTESIAN_POINT('',(-24.65154301292,192.30913373287,
    -5.171482275116));
#1532 = CARTESIAN_POINT('',(-24.34845698707,192.30913373288,
    -5.171482275116));
#1533 = CARTESIAN_POINT('',(-24.02221414414,192.30325643697,
    -5.116348255349));
#1534 = CARTESIAN_POINT('',(-23.71034425335,192.24290218056,
    -5.047172408411));
#1535 = CARTESIAN_POINT('',(-23.40424323222,192.15993896787,-5.));
#1536 = CARTESIAN_POINT('',(-23.10805890929,192.05,-5.));
#1537 = B_SPLINE_SURFACE_WITH_KNOTS('',1,9,(
    (#1538,#1539,#1540,#1541,#1542,#1543,#1544,#1545,#1546,#1547)
    ,(#1548,#1549,#1550,#1551,#1552,#1553,#1554,#1555,#1556,#1557
  )),.UNSPECIFIED.,.F.,.F.,.F.,(2,2),(10,10),(0.,2.132527210141),(
    13.070903336083,15.203430546225),.PIECEWISE_BEZIER_KNOTS.);
#1538 = CARTESIAN_POINT('',(-25.8919410907,192.05,-5.));
#1539 = CARTESIAN_POINT('',(-25.59575676777,192.15993896787,-5.));
#1540 = CARTESIAN_POINT('',(-25.28965574664,192.24290218056,
    -5.047172408411));
#1541 = CARTESIAN_POINT('',(-24.97778585585,192.30325643698,
    -5.11634825535));
#1542 = CARTESIAN_POINT('',(-24.65154301292,192.30913373287,
    -5.171482275116));
#1543 = CARTESIAN_POINT('',(-24.34845698707,192.30913373288,
    -5.171482275116));
#1544 = CARTESIAN_POINT('',(-24.02221414414,192.30325643697,
    -5.116348255349));
#1545 = CARTESIAN_POINT('',(-23.71034425335,192.24290218056,
    -5.047172408411));
#1546 = CARTESIAN_POINT('',(-23.40424323222,192.15993896787,-5.));
#1547 = CARTESIAN_POINT('',(-23.10805890929,192.05,-5.));
#1548 = CARTESIAN_POINT('',(-25.54395581803,191.1125,-4.));
#1549 = CARTESIAN_POINT('',(-25.32181757582,191.1949542259,-4.));
#1550 = CARTESIAN_POINT('',(-25.0923528146,191.25767030139,-4.));
#1551 = CARTESIAN_POINT('',(-24.85756596737,191.29990420374,-4.));
#1552 = CARTESIAN_POINT('',(-24.61954954643,191.32114942857,-4.));
#1553 = CARTESIAN_POINT('',(-24.38045045356,191.32114942861,-4.));
#1554 = CARTESIAN_POINT('',(-24.14243403262,191.29990420371,-4.));
#1555 = CARTESIAN_POINT('',(-23.90764718539,191.2576703014,-4.));
#1556 = CARTESIAN_POINT('',(-23.67818242417,191.1949542259,-4.));
#1557 = CARTESIAN_POINT('',(-23.45604418196,191.1125,-4.));
#1558 = ADVANCED_FACE('',(#1559),#1581,.F.);
#1559 = FACE_BOUND('',#1560,.T.);
#1560 = EDGE_LOOP('',(#1561,#1562,#1563,#1564,#1573,#1580));
#1561 = ORIENTED_EDGE('',*,*,#652,.T.);
#1562 = ORIENTED_EDGE('',*,*,#1525,.F.);
#1563 = ORIENTED_EDGE('',*,*,#663,.T.);
#1564 = ORIENTED_EDGE('',*,*,#1565,.T.);
#1565 = EDGE_CURVE('',#653,#1566,#1568,.T.);
#1566 = VERTEX_POINT('',#1567);
#1567 = CARTESIAN_POINT('',(-21.5,195.8,-6.));
#1568 = CIRCLE('',#1569,1.);
#1569 = AXIS2_PLACEMENT_3D('',#1570,#1571,#1572);
#1570 = CARTESIAN_POINT('',(-20.5,195.8,-6.));
#1571 = DIRECTION('',(0.,-1.,0.));
#1572 = DIRECTION('',(1.,0.,0.));
#1573 = ORIENTED_EDGE('',*,*,#1574,.F.);
#1574 = EDGE_CURVE('',#1566,#1566,#1575,.T.);
#1575 = CIRCLE('',#1576,3.);
#1576 = AXIS2_PLACEMENT_3D('',#1577,#1578,#1579);
#1577 = CARTESIAN_POINT('',(-24.5,195.8,-6.));
#1578 = DIRECTION('',(0.,0.,-1.));
#1579 = DIRECTION('',(1.,0.,0.));
#1580 = ORIENTED_EDGE('',*,*,#1565,.F.);
#1581 = TOROIDAL_SURFACE('',#1582,4.,1.);
#1582 = AXIS2_PLACEMENT_3D('',#1583,#1584,#1585);
#1583 = CARTESIAN_POINT('',(-24.5,195.8,-6.));
#1584 = DIRECTION('',(0.,0.,1.));
#1585 = DIRECTION('',(1.,0.,0.));
#1586 = ADVANCED_FACE('',(#1587),#1606,.T.);
#1587 = FACE_BOUND('',#1588,.F.);
#1588 = EDGE_LOOP('',(#1589,#1597,#1604,#1605));
#1589 = ORIENTED_EDGE('',*,*,#1590,.T.);
#1590 = EDGE_CURVE('',#1566,#1591,#1593,.T.);
#1591 = VERTEX_POINT('',#1592);
#1592 = CARTESIAN_POINT('',(-21.5,195.8,-9.));
#1593 = LINE('',#1594,#1595);
#1594 = CARTESIAN_POINT('',(-21.5,195.8,-5.));
#1595 = VECTOR('',#1596,1.);
#1596 = DIRECTION('',(0.,0.,-1.));
#1597 = ORIENTED_EDGE('',*,*,#1598,.T.);
#1598 = EDGE_CURVE('',#1591,#1591,#1599,.T.);
#1599 = CIRCLE('',#1600,3.);
#1600 = AXIS2_PLACEMENT_3D('',#1601,#1602,#1603);
#1601 = CARTESIAN_POINT('',(-24.5,195.8,-9.));
#1602 = DIRECTION('',(0.,0.,-1.));
#1603 = DIRECTION('',(1.,0.,0.));
#1604 = ORIENTED_EDGE('',*,*,#1590,.F.);
#1605 = ORIENTED_EDGE('',*,*,#1574,.F.);
#1606 = CYLINDRICAL_SURFACE('',#1607,3.);
#1607 = AXIS2_PLACEMENT_3D('',#1608,#1609,#1610);
#1608 = CARTESIAN_POINT('',(-24.5,195.8,-5.));
#1609 = DIRECTION('',(0.,0.,1.));
#1610 = DIRECTION('',(1.,0.,0.));
#1611 = ADVANCED_FACE('',(#1612),#1633,.F.);
#1612 = FACE_BOUND('',#1613,.T.);
#1613 = EDGE_LOOP('',(#1614,#1622,#1629,#1630,#1631,#1632));
#1614 = ORIENTED_EDGE('',*,*,#1615,.F.);
#1615 = EDGE_CURVE('',#1616,#1463,#1618,.T.);
#1616 = VERTEX_POINT('',#1617);
#1617 = CARTESIAN_POINT('',(-21.5,188.3,-1.5));
#1618 = LINE('',#1619,#1620);
#1619 = CARTESIAN_POINT('',(-21.5,188.3,0.));
#1620 = VECTOR('',#1621,1.);
#1621 = DIRECTION('',(0.,0.,-1.));
#1622 = ORIENTED_EDGE('',*,*,#1623,.T.);
#1623 = EDGE_CURVE('',#1616,#1616,#1624,.T.);
#1624 = CIRCLE('',#1625,3.);
#1625 = AXIS2_PLACEMENT_3D('',#1626,#1627,#1628);
#1626 = CARTESIAN_POINT('',(-24.5,188.3,-1.5));
#1627 = DIRECTION('',(0.,0.,1.));
#1628 = DIRECTION('',(1.,0.,0.));
#1629 = ORIENTED_EDGE('',*,*,#1615,.T.);
#1630 = ORIENTED_EDGE('',*,*,#1495,.T.);
#1631 = ORIENTED_EDGE('',*,*,#1511,.T.);
#1632 = ORIENTED_EDGE('',*,*,#1470,.T.);
#1633 = CYLINDRICAL_SURFACE('',#1634,3.);
#1634 = AXIS2_PLACEMENT_3D('',#1635,#1636,#1637);
#1635 = CARTESIAN_POINT('',(-24.5,188.3,0.));
#1636 = DIRECTION('',(0.,0.,1.));
#1637 = DIRECTION('',(1.,0.,0.));
#1638 = ADVANCED_FACE('',(#1639),#1659,.T.);
#1639 = FACE_BOUND('',#1640,.T.);
#1640 = EDGE_LOOP('',(#1641,#1650,#1651,#1652));
#1641 = ORIENTED_EDGE('',*,*,#1642,.F.);
#1642 = EDGE_CURVE('',#1591,#1643,#1645,.T.);
#1643 = VERTEX_POINT('',#1644);
#1644 = CARTESIAN_POINT('',(-22.5,195.8,-10.));
#1645 = CIRCLE('',#1646,1.);
#1646 = AXIS2_PLACEMENT_3D('',#1647,#1648,#1649);
#1647 = CARTESIAN_POINT('',(-22.5,195.8,-9.));
#1648 = DIRECTION('',(-0.,1.,0.));
#1649 = DIRECTION('',(1.,0.,0.));
#1650 = ORIENTED_EDGE('',*,*,#1598,.T.);
#1651 = ORIENTED_EDGE('',*,*,#1642,.T.);
#1652 = ORIENTED_EDGE('',*,*,#1653,.F.);
#1653 = EDGE_CURVE('',#1643,#1643,#1654,.T.);
#1654 = CIRCLE('',#1655,2.);
#1655 = AXIS2_PLACEMENT_3D('',#1656,#1657,#1658);
#1656 = CARTESIAN_POINT('',(-24.5,195.8,-10.));
#1657 = DIRECTION('',(0.,0.,-1.));
#1658 = DIRECTION('',(1.,0.,0.));
#1659 = TOROIDAL_SURFACE('',#1660,2.,1.);
#1660 = AXIS2_PLACEMENT_3D('',#1661,#1662,#1663);
#1661 = CARTESIAN_POINT('',(-24.5,195.8,-9.));
#1662 = DIRECTION('',(-0.,-0.,-1.));
#1663 = DIRECTION('',(1.,0.,0.));
#1664 = ADVANCED_FACE('',(#1665,#1668),#1679,.F.);
#1665 = FACE_BOUND('',#1666,.F.);
#1666 = EDGE_LOOP('',(#1667));
#1667 = ORIENTED_EDGE('',*,*,#1623,.T.);
#1668 = FACE_BOUND('',#1669,.T.);
#1669 = EDGE_LOOP('',(#1670));
#1670 = ORIENTED_EDGE('',*,*,#1671,.T.);
#1671 = EDGE_CURVE('',#1672,#1672,#1674,.T.);
#1672 = VERTEX_POINT('',#1673);
#1673 = CARTESIAN_POINT('',(-22.9,188.3,-1.5));
#1674 = CIRCLE('',#1675,1.6);
#1675 = AXIS2_PLACEMENT_3D('',#1676,#1677,#1678);
#1676 = CARTESIAN_POINT('',(-24.5,188.3,-1.5));
#1677 = DIRECTION('',(0.,0.,1.));
#1678 = DIRECTION('',(1.,0.,0.));
#1679 = PLANE('',#1680);
#1680 = AXIS2_PLACEMENT_3D('',#1681,#1682,#1683);
#1681 = CARTESIAN_POINT('',(1.449189270898E-15,178.15,-1.5));
#1682 = DIRECTION('',(0.,0.,1.));
#1683 = DIRECTION('',(1.,0.,0.));
#1684 = ADVANCED_FACE('',(#1685),#1704,.F.);
#1685 = FACE_BOUND('',#1686,.F.);
#1686 = EDGE_LOOP('',(#1687,#1695,#1696,#1697));
#1687 = ORIENTED_EDGE('',*,*,#1688,.T.);
#1688 = EDGE_CURVE('',#1689,#1672,#1691,.T.);
#1689 = VERTEX_POINT('',#1690);
#1690 = CARTESIAN_POINT('',(-22.9,188.3,0.));
#1691 = LINE('',#1692,#1693);
#1692 = CARTESIAN_POINT('',(-22.9,188.3,0.));
#1693 = VECTOR('',#1694,1.);
#1694 = DIRECTION('',(-0.,-0.,-1.));
#1695 = ORIENTED_EDGE('',*,*,#1671,.T.);
#1696 = ORIENTED_EDGE('',*,*,#1688,.F.);
#1697 = ORIENTED_EDGE('',*,*,#1698,.F.);
#1698 = EDGE_CURVE('',#1689,#1689,#1699,.T.);
#1699 = CIRCLE('',#1700,1.6);
#1700 = AXIS2_PLACEMENT_3D('',#1701,#1702,#1703);
#1701 = CARTESIAN_POINT('',(-24.5,188.3,0.));
#1702 = DIRECTION('',(0.,0.,1.));
#1703 = DIRECTION('',(1.,0.,0.));
#1704 = CYLINDRICAL_SURFACE('',#1705,1.6);
#1705 = AXIS2_PLACEMENT_3D('',#1706,#1707,#1708);
#1706 = CARTESIAN_POINT('',(-24.5,188.3,0.));
#1707 = DIRECTION('',(0.,0.,1.));
#1708 = DIRECTION('',(1.,0.,0.));
#1709 = ADVANCED_FACE('',(#1710,#1713),#1724,.F.);
#1710 = FACE_BOUND('',#1711,.F.);
#1711 = EDGE_LOOP('',(#1712));
#1712 = ORIENTED_EDGE('',*,*,#1653,.F.);
#1713 = FACE_BOUND('',#1714,.F.);
#1714 = EDGE_LOOP('',(#1715));
#1715 = ORIENTED_EDGE('',*,*,#1716,.T.);
#1716 = EDGE_CURVE('',#1717,#1717,#1719,.T.);
#1717 = VERTEX_POINT('',#1718);
#1718 = CARTESIAN_POINT('',(-22.9,195.8,-10.));
#1719 = CIRCLE('',#1720,1.6);
#1720 = AXIS2_PLACEMENT_3D('',#1721,#1722,#1723);
#1721 = CARTESIAN_POINT('',(-24.5,195.8,-10.));
#1722 = DIRECTION('',(0.,0.,-1.));
#1723 = DIRECTION('',(1.,0.,0.));
#1724 = PLANE('',#1725);
#1725 = AXIS2_PLACEMENT_3D('',#1726,#1727,#1728);
#1726 = CARTESIAN_POINT('',(1.449189270898E-15,166.8,-10.));
#1727 = DIRECTION('',(0.,0.,1.));
#1728 = DIRECTION('',(1.,0.,0.));
#1729 = ADVANCED_FACE('',(#1730),#1749,.F.);
#1730 = FACE_BOUND('',#1731,.T.);
#1731 = EDGE_LOOP('',(#1732,#1740,#1741,#1742));
#1732 = ORIENTED_EDGE('',*,*,#1733,.T.);
#1733 = EDGE_CURVE('',#1734,#1717,#1736,.T.);
#1734 = VERTEX_POINT('',#1735);
#1735 = CARTESIAN_POINT('',(-22.9,195.8,-5.));
#1736 = LINE('',#1737,#1738);
#1737 = CARTESIAN_POINT('',(-22.9,195.8,-5.));
#1738 = VECTOR('',#1739,1.);
#1739 = DIRECTION('',(0.,0.,-1.));
#1740 = ORIENTED_EDGE('',*,*,#1716,.T.);
#1741 = ORIENTED_EDGE('',*,*,#1733,.F.);
#1742 = ORIENTED_EDGE('',*,*,#1743,.F.);
#1743 = EDGE_CURVE('',#1734,#1734,#1744,.T.);
#1744 = CIRCLE('',#1745,1.6);
#1745 = AXIS2_PLACEMENT_3D('',#1746,#1747,#1748);
#1746 = CARTESIAN_POINT('',(-24.5,195.8,-5.));
#1747 = DIRECTION('',(0.,0.,-1.));
#1748 = DIRECTION('',(1.,0.,0.));
#1749 = CYLINDRICAL_SURFACE('',#1750,1.6);
#1750 = AXIS2_PLACEMENT_3D('',#1751,#1752,#1753);
#1751 = CARTESIAN_POINT('',(-24.5,195.8,-5.));
#1752 = DIRECTION('',(0.,0.,1.));
#1753 = DIRECTION('',(1.,0.,0.));
#1754 = ADVANCED_FACE('',(#1755),#1758,.F.);
#1755 = FACE_BOUND('',#1756,.F.);
#1756 = EDGE_LOOP('',(#1757));
#1757 = ORIENTED_EDGE('',*,*,#1743,.F.);
#1758 = PLANE('',#1759);
#1759 = AXIS2_PLACEMENT_3D('',#1760,#1761,#1762);
#1760 = CARTESIAN_POINT('',(5.374227009954E-15,165.46155951987,-5.));
#1761 = DIRECTION('',(0.,0.,1.));
#1762 = DIRECTION('',(1.,0.,0.));
#1763 = ADVANCED_FACE('',(#1764),#1784,.F.);
#1764 = FACE_BOUND('',#1765,.T.);
#1765 = EDGE_LOOP('',(#1766,#1775,#1776,#1777));
#1766 = ORIENTED_EDGE('',*,*,#1767,.F.);
#1767 = EDGE_CURVE('',#691,#1768,#1770,.T.);
#1768 = VERTEX_POINT('',#1769);
#1769 = CARTESIAN_POINT('',(-21.5,137.8,-6.));
#1770 = CIRCLE('',#1771,1.);
#1771 = AXIS2_PLACEMENT_3D('',#1772,#1773,#1774);
#1772 = CARTESIAN_POINT('',(-20.5,137.8,-6.));
#1773 = DIRECTION('',(0.,-1.,0.));
#1774 = DIRECTION('',(1.,0.,0.));
#1775 = ORIENTED_EDGE('',*,*,#690,.F.);
#1776 = ORIENTED_EDGE('',*,*,#1767,.T.);
#1777 = ORIENTED_EDGE('',*,*,#1778,.T.);
#1778 = EDGE_CURVE('',#1768,#1768,#1779,.T.);
#1779 = CIRCLE('',#1780,3.);
#1780 = AXIS2_PLACEMENT_3D('',#1781,#1782,#1783);
#1781 = CARTESIAN_POINT('',(-24.5,137.8,-6.));
#1782 = DIRECTION('',(0.,0.,-1.));
#1783 = DIRECTION('',(1.,0.,0.));
#1784 = TOROIDAL_SURFACE('',#1785,4.,1.);
#1785 = AXIS2_PLACEMENT_3D('',#1786,#1787,#1788);
#1786 = CARTESIAN_POINT('',(-24.5,137.8,-6.));
#1787 = DIRECTION('',(0.,0.,1.));
#1788 = DIRECTION('',(1.,0.,0.));
#1789 = ADVANCED_FACE('',(#1790),#1809,.T.);
#1790 = FACE_BOUND('',#1791,.F.);
#1791 = EDGE_LOOP('',(#1792,#1800,#1807,#1808));
#1792 = ORIENTED_EDGE('',*,*,#1793,.T.);
#1793 = EDGE_CURVE('',#1768,#1794,#1796,.T.);
#1794 = VERTEX_POINT('',#1795);
#1795 = CARTESIAN_POINT('',(-21.5,137.8,-9.));
#1796 = LINE('',#1797,#1798);
#1797 = CARTESIAN_POINT('',(-21.5,137.8,-5.));
#1798 = VECTOR('',#1799,1.);
#1799 = DIRECTION('',(0.,0.,-1.));
#1800 = ORIENTED_EDGE('',*,*,#1801,.T.);
#1801 = EDGE_CURVE('',#1794,#1794,#1802,.T.);
#1802 = CIRCLE('',#1803,3.);
#1803 = AXIS2_PLACEMENT_3D('',#1804,#1805,#1806);
#1804 = CARTESIAN_POINT('',(-24.5,137.8,-9.));
#1805 = DIRECTION('',(0.,0.,-1.));
#1806 = DIRECTION('',(1.,0.,0.));
#1807 = ORIENTED_EDGE('',*,*,#1793,.F.);
#1808 = ORIENTED_EDGE('',*,*,#1778,.F.);
#1809 = CYLINDRICAL_SURFACE('',#1810,3.);
#1810 = AXIS2_PLACEMENT_3D('',#1811,#1812,#1813);
#1811 = CARTESIAN_POINT('',(-24.5,137.8,-5.));
#1812 = DIRECTION('',(0.,0.,1.));
#1813 = DIRECTION('',(1.,0.,0.));
#1814 = ADVANCED_FACE('',(#1815),#1835,.T.);
#1815 = FACE_BOUND('',#1816,.T.);
#1816 = EDGE_LOOP('',(#1817,#1826,#1827,#1828));
#1817 = ORIENTED_EDGE('',*,*,#1818,.F.);
#1818 = EDGE_CURVE('',#1794,#1819,#1821,.T.);
#1819 = VERTEX_POINT('',#1820);
#1820 = CARTESIAN_POINT('',(-22.5,137.8,-10.));
#1821 = CIRCLE('',#1822,1.);
#1822 = AXIS2_PLACEMENT_3D('',#1823,#1824,#1825);
#1823 = CARTESIAN_POINT('',(-22.5,137.8,-9.));
#1824 = DIRECTION('',(-0.,1.,0.));
#1825 = DIRECTION('',(1.,0.,0.));
#1826 = ORIENTED_EDGE('',*,*,#1801,.T.);
#1827 = ORIENTED_EDGE('',*,*,#1818,.T.);
#1828 = ORIENTED_EDGE('',*,*,#1829,.F.);
#1829 = EDGE_CURVE('',#1819,#1819,#1830,.T.);
#1830 = CIRCLE('',#1831,2.);
#1831 = AXIS2_PLACEMENT_3D('',#1832,#1833,#1834);
#1832 = CARTESIAN_POINT('',(-24.5,137.8,-10.));
#1833 = DIRECTION('',(0.,0.,-1.));
#1834 = DIRECTION('',(1.,0.,0.));
#1835 = TOROIDAL_SURFACE('',#1836,2.,1.);
#1836 = AXIS2_PLACEMENT_3D('',#1837,#1838,#1839);
#1837 = CARTESIAN_POINT('',(-24.5,137.8,-9.));
#1838 = DIRECTION('',(-0.,-0.,-1.));
#1839 = DIRECTION('',(1.,0.,0.));
#1840 = ADVANCED_FACE('',(#1841,#1844),#1855,.F.);
#1841 = FACE_BOUND('',#1842,.F.);
#1842 = EDGE_LOOP('',(#1843));
#1843 = ORIENTED_EDGE('',*,*,#1829,.F.);
#1844 = FACE_BOUND('',#1845,.F.);
#1845 = EDGE_LOOP('',(#1846));
#1846 = ORIENTED_EDGE('',*,*,#1847,.T.);
#1847 = EDGE_CURVE('',#1848,#1848,#1850,.T.);
#1848 = VERTEX_POINT('',#1849);
#1849 = CARTESIAN_POINT('',(-22.9,137.8,-10.));
#1850 = CIRCLE('',#1851,1.6);
#1851 = AXIS2_PLACEMENT_3D('',#1852,#1853,#1854);
#1852 = CARTESIAN_POINT('',(-24.5,137.8,-10.));
#1853 = DIRECTION('',(0.,0.,-1.));
#1854 = DIRECTION('',(1.,0.,0.));
#1855 = PLANE('',#1856);
#1856 = AXIS2_PLACEMENT_3D('',#1857,#1858,#1859);
#1857 = CARTESIAN_POINT('',(1.449189270898E-15,166.8,-10.));
#1858 = DIRECTION('',(0.,0.,1.));
#1859 = DIRECTION('',(1.,0.,0.));
#1860 = ADVANCED_FACE('',(#1861),#1880,.F.);
#1861 = FACE_BOUND('',#1862,.T.);
#1862 = EDGE_LOOP('',(#1863,#1871,#1872,#1873));
#1863 = ORIENTED_EDGE('',*,*,#1864,.T.);
#1864 = EDGE_CURVE('',#1865,#1848,#1867,.T.);
#1865 = VERTEX_POINT('',#1866);
#1866 = CARTESIAN_POINT('',(-22.9,137.8,-5.));
#1867 = LINE('',#1868,#1869);
#1868 = CARTESIAN_POINT('',(-22.9,137.8,-5.));
#1869 = VECTOR('',#1870,1.);
#1870 = DIRECTION('',(0.,0.,-1.));
#1871 = ORIENTED_EDGE('',*,*,#1847,.T.);
#1872 = ORIENTED_EDGE('',*,*,#1864,.F.);
#1873 = ORIENTED_EDGE('',*,*,#1874,.F.);
#1874 = EDGE_CURVE('',#1865,#1865,#1875,.T.);
#1875 = CIRCLE('',#1876,1.6);
#1876 = AXIS2_PLACEMENT_3D('',#1877,#1878,#1879);
#1877 = CARTESIAN_POINT('',(-24.5,137.8,-5.));
#1878 = DIRECTION('',(0.,0.,-1.));
#1879 = DIRECTION('',(1.,0.,0.));
#1880 = CYLINDRICAL_SURFACE('',#1881,1.6);
#1881 = AXIS2_PLACEMENT_3D('',#1882,#1883,#1884);
#1882 = CARTESIAN_POINT('',(-24.5,137.8,-5.));
#1883 = DIRECTION('',(0.,0.,1.));
#1884 = DIRECTION('',(1.,0.,0.));
#1885 = ADVANCED_FACE('',(#1886),#1889,.F.);
#1886 = FACE_BOUND('',#1887,.F.);
#1887 = EDGE_LOOP('',(#1888));
#1888 = ORIENTED_EDGE('',*,*,#1874,.F.);
#1889 = PLANE('',#1890);
#1890 = AXIS2_PLACEMENT_3D('',#1891,#1892,#1893);
#1891 = CARTESIAN_POINT('',(5.374227009954E-15,165.46155951987,-5.));
#1892 = DIRECTION('',(0.,0.,1.));
#1893 = DIRECTION('',(1.,0.,0.));
#1894 = ADVANCED_FACE('',(#1895),#1915,.F.);
#1895 = FACE_BOUND('',#1896,.T.);
#1896 = EDGE_LOOP('',(#1897,#1906,#1907,#1908));
#1897 = ORIENTED_EDGE('',*,*,#1898,.F.);
#1898 = EDGE_CURVE('',#702,#1899,#1901,.T.);
#1899 = VERTEX_POINT('',#1900);
#1900 = CARTESIAN_POINT('',(27.5,137.8,-6.));
#1901 = CIRCLE('',#1902,1.);
#1902 = AXIS2_PLACEMENT_3D('',#1903,#1904,#1905);
#1903 = CARTESIAN_POINT('',(28.5,137.8,-6.));
#1904 = DIRECTION('',(0.,-1.,0.));
#1905 = DIRECTION('',(1.,0.,0.));
#1906 = ORIENTED_EDGE('',*,*,#701,.F.);
#1907 = ORIENTED_EDGE('',*,*,#1898,.T.);
#1908 = ORIENTED_EDGE('',*,*,#1909,.T.);
#1909 = EDGE_CURVE('',#1899,#1899,#1910,.T.);
#1910 = CIRCLE('',#1911,3.);
#1911 = AXIS2_PLACEMENT_3D('',#1912,#1913,#1914);
#1912 = CARTESIAN_POINT('',(24.5,137.8,-6.));
#1913 = DIRECTION('',(0.,0.,-1.));
#1914 = DIRECTION('',(1.,0.,0.));
#1915 = TOROIDAL_SURFACE('',#1916,4.,1.);
#1916 = AXIS2_PLACEMENT_3D('',#1917,#1918,#1919);
#1917 = CARTESIAN_POINT('',(24.5,137.8,-6.));
#1918 = DIRECTION('',(0.,0.,1.));
#1919 = DIRECTION('',(1.,0.,0.));
#1920 = ADVANCED_FACE('',(#1921),#1940,.T.);
#1921 = FACE_BOUND('',#1922,.F.);
#1922 = EDGE_LOOP('',(#1923,#1931,#1938,#1939));
#1923 = ORIENTED_EDGE('',*,*,#1924,.T.);
#1924 = EDGE_CURVE('',#1899,#1925,#1927,.T.);
#1925 = VERTEX_POINT('',#1926);
#1926 = CARTESIAN_POINT('',(27.5,137.8,-9.));
#1927 = LINE('',#1928,#1929);
#1928 = CARTESIAN_POINT('',(27.5,137.8,-5.));
#1929 = VECTOR('',#1930,1.);
#1930 = DIRECTION('',(0.,0.,-1.));
#1931 = ORIENTED_EDGE('',*,*,#1932,.T.);
#1932 = EDGE_CURVE('',#1925,#1925,#1933,.T.);
#1933 = CIRCLE('',#1934,3.);
#1934 = AXIS2_PLACEMENT_3D('',#1935,#1936,#1937);
#1935 = CARTESIAN_POINT('',(24.5,137.8,-9.));
#1936 = DIRECTION('',(0.,0.,-1.));
#1937 = DIRECTION('',(1.,0.,0.));
#1938 = ORIENTED_EDGE('',*,*,#1924,.F.);
#1939 = ORIENTED_EDGE('',*,*,#1909,.F.);
#1940 = CYLINDRICAL_SURFACE('',#1941,3.);
#1941 = AXIS2_PLACEMENT_3D('',#1942,#1943,#1944);
#1942 = CARTESIAN_POINT('',(24.5,137.8,-5.));
#1943 = DIRECTION('',(0.,0.,1.));
#1944 = DIRECTION('',(1.,0.,0.));
#1945 = ADVANCED_FACE('',(#1946),#1966,.T.);
#1946 = FACE_BOUND('',#1947,.T.);
#1947 = EDGE_LOOP('',(#1948,#1957,#1958,#1959));
#1948 = ORIENTED_EDGE('',*,*,#1949,.F.);
#1949 = EDGE_CURVE('',#1925,#1950,#1952,.T.);
#1950 = VERTEX_POINT('',#1951);
#1951 = CARTESIAN_POINT('',(26.5,137.8,-10.));
#1952 = CIRCLE('',#1953,1.);
#1953 = AXIS2_PLACEMENT_3D('',#1954,#1955,#1956);
#1954 = CARTESIAN_POINT('',(26.5,137.8,-9.));
#1955 = DIRECTION('',(-0.,1.,0.));
#1956 = DIRECTION('',(1.,0.,0.));
#1957 = ORIENTED_EDGE('',*,*,#1932,.T.);
#1958 = ORIENTED_EDGE('',*,*,#1949,.T.);
#1959 = ORIENTED_EDGE('',*,*,#1960,.F.);
#1960 = EDGE_CURVE('',#1950,#1950,#1961,.T.);
#1961 = CIRCLE('',#1962,2.);
#1962 = AXIS2_PLACEMENT_3D('',#1963,#1964,#1965);
#1963 = CARTESIAN_POINT('',(24.5,137.8,-10.));
#1964 = DIRECTION('',(0.,0.,-1.));
#1965 = DIRECTION('',(1.,0.,0.));
#1966 = TOROIDAL_SURFACE('',#1967,2.,1.);
#1967 = AXIS2_PLACEMENT_3D('',#1968,#1969,#1970);
#1968 = CARTESIAN_POINT('',(24.5,137.8,-9.));
#1969 = DIRECTION('',(-0.,-0.,-1.));
#1970 = DIRECTION('',(1.,0.,0.));
#1971 = ADVANCED_FACE('',(#1972,#1975),#1986,.F.);
#1972 = FACE_BOUND('',#1973,.F.);
#1973 = EDGE_LOOP('',(#1974));
#1974 = ORIENTED_EDGE('',*,*,#1960,.F.);
#1975 = FACE_BOUND('',#1976,.F.);
#1976 = EDGE_LOOP('',(#1977));
#1977 = ORIENTED_EDGE('',*,*,#1978,.T.);
#1978 = EDGE_CURVE('',#1979,#1979,#1981,.T.);
#1979 = VERTEX_POINT('',#1980);
#1980 = CARTESIAN_POINT('',(26.1,137.8,-10.));
#1981 = CIRCLE('',#1982,1.6);
#1982 = AXIS2_PLACEMENT_3D('',#1983,#1984,#1985);
#1983 = CARTESIAN_POINT('',(24.5,137.8,-10.));
#1984 = DIRECTION('',(0.,0.,-1.));
#1985 = DIRECTION('',(1.,0.,0.));
#1986 = PLANE('',#1987);
#1987 = AXIS2_PLACEMENT_3D('',#1988,#1989,#1990);
#1988 = CARTESIAN_POINT('',(1.449189270898E-15,166.8,-10.));
#1989 = DIRECTION('',(0.,0.,1.));
#1990 = DIRECTION('',(1.,0.,0.));
#1991 = ADVANCED_FACE('',(#1992),#2011,.F.);
#1992 = FACE_BOUND('',#1993,.T.);
#1993 = EDGE_LOOP('',(#1994,#2002,#2003,#2004));
#1994 = ORIENTED_EDGE('',*,*,#1995,.T.);
#1995 = EDGE_CURVE('',#1996,#1979,#1998,.T.);
#1996 = VERTEX_POINT('',#1997);
#1997 = CARTESIAN_POINT('',(26.1,137.8,-5.));
#1998 = LINE('',#1999,#2000);
#1999 = CARTESIAN_POINT('',(26.1,137.8,-5.));
#2000 = VECTOR('',#2001,1.);
#2001 = DIRECTION('',(0.,0.,-1.));
#2002 = ORIENTED_EDGE('',*,*,#1978,.T.);
#2003 = ORIENTED_EDGE('',*,*,#1995,.F.);
#2004 = ORIENTED_EDGE('',*,*,#2005,.F.);
#2005 = EDGE_CURVE('',#1996,#1996,#2006,.T.);
#2006 = CIRCLE('',#2007,1.6);
#2007 = AXIS2_PLACEMENT_3D('',#2008,#2009,#2010);
#2008 = CARTESIAN_POINT('',(24.5,137.8,-5.));
#2009 = DIRECTION('',(0.,0.,-1.));
#2010 = DIRECTION('',(1.,0.,0.));
#2011 = CYLINDRICAL_SURFACE('',#2012,1.6);
#2012 = AXIS2_PLACEMENT_3D('',#2013,#2014,#2015);
#2013 = CARTESIAN_POINT('',(24.5,137.8,-5.));
#2014 = DIRECTION('',(0.,0.,1.));
#2015 = DIRECTION('',(1.,0.,0.));
#2016 = ADVANCED_FACE('',(#2017),#2020,.F.);
#2017 = FACE_BOUND('',#2018,.F.);
#2018 = EDGE_LOOP('',(#2019));
#2019 = ORIENTED_EDGE('',*,*,#2005,.F.);
#2020 = PLANE('',#2021);
#2021 = AXIS2_PLACEMENT_3D('',#2022,#2023,#2024);
#2022 = CARTESIAN_POINT('',(5.374227009954E-15,165.46155951987,-5.));
#2023 = DIRECTION('',(0.,0.,1.));
#2024 = DIRECTION('',(1.,0.,0.));
#2025 = ADVANCED_FACE('',(#2026),#2045,.F.);
#2026 = FACE_BOUND('',#2027,.T.);
#2027 = EDGE_LOOP('',(#2028,#2036,#2037,#2038));
#2028 = ORIENTED_EDGE('',*,*,#2029,.F.);
#2029 = EDGE_CURVE('',#713,#2030,#2032,.T.);
#2030 = VERTEX_POINT('',#2031);
#2031 = CARTESIAN_POINT('',(-21.5,168.,-4.));
#2032 = LINE('',#2033,#2034);
#2033 = CARTESIAN_POINT('',(-21.5,168.,-4.));
#2034 = VECTOR('',#2035,1.);
#2035 = DIRECTION('',(-0.707106781187,0.,0.707106781187));
#2036 = ORIENTED_EDGE('',*,*,#712,.T.);
#2037 = ORIENTED_EDGE('',*,*,#2029,.T.);
#2038 = ORIENTED_EDGE('',*,*,#2039,.F.);
#2039 = EDGE_CURVE('',#2030,#2030,#2040,.T.);
#2040 = CIRCLE('',#2041,3.);
#2041 = AXIS2_PLACEMENT_3D('',#2042,#2043,#2044);
#2042 = CARTESIAN_POINT('',(-24.5,168.,-4.));
#2043 = DIRECTION('',(0.,0.,-1.));
#2044 = DIRECTION('',(1.,0.,0.));
#2045 = CONICAL_SURFACE('',#2046,3.,0.785398163397);
#2046 = AXIS2_PLACEMENT_3D('',#2047,#2048,#2049);
#2047 = CARTESIAN_POINT('',(-24.5,168.,-4.));
#2048 = DIRECTION('',(-0.,-0.,-1.));
#2049 = DIRECTION('',(1.,0.,0.));
#2050 = ADVANCED_FACE('',(#2051),#2070,.F.);
#2051 = FACE_BOUND('',#2052,.T.);
#2052 = EDGE_LOOP('',(#2053,#2061,#2068,#2069));
#2053 = ORIENTED_EDGE('',*,*,#2054,.F.);
#2054 = EDGE_CURVE('',#2055,#2030,#2057,.T.);
#2055 = VERTEX_POINT('',#2056);
#2056 = CARTESIAN_POINT('',(-21.5,168.,-1.5));
#2057 = LINE('',#2058,#2059);
#2058 = CARTESIAN_POINT('',(-21.5,168.,0.));
#2059 = VECTOR('',#2060,1.);
#2060 = DIRECTION('',(0.,0.,-1.));
#2061 = ORIENTED_EDGE('',*,*,#2062,.T.);
#2062 = EDGE_CURVE('',#2055,#2055,#2063,.T.);
#2063 = CIRCLE('',#2064,3.);
#2064 = AXIS2_PLACEMENT_3D('',#2065,#2066,#2067);
#2065 = CARTESIAN_POINT('',(-24.5,168.,-1.5));
#2066 = DIRECTION('',(0.,0.,1.));
#2067 = DIRECTION('',(1.,0.,0.));
#2068 = ORIENTED_EDGE('',*,*,#2054,.T.);
#2069 = ORIENTED_EDGE('',*,*,#2039,.T.);
#2070 = CYLINDRICAL_SURFACE('',#2071,3.);
#2071 = AXIS2_PLACEMENT_3D('',#2072,#2073,#2074);
#2072 = CARTESIAN_POINT('',(-24.5,168.,0.));
#2073 = DIRECTION('',(0.,0.,1.));
#2074 = DIRECTION('',(1.,0.,0.));
#2075 = ADVANCED_FACE('',(#2076,#2079),#2090,.F.);
#2076 = FACE_BOUND('',#2077,.F.);
#2077 = EDGE_LOOP('',(#2078));
#2078 = ORIENTED_EDGE('',*,*,#2062,.T.);
#2079 = FACE_BOUND('',#2080,.T.);
#2080 = EDGE_LOOP('',(#2081));
#2081 = ORIENTED_EDGE('',*,*,#2082,.T.);
#2082 = EDGE_CURVE('',#2083,#2083,#2085,.T.);
#2083 = VERTEX_POINT('',#2084);
#2084 = CARTESIAN_POINT('',(-22.9,168.,-1.5));
#2085 = CIRCLE('',#2086,1.6);
#2086 = AXIS2_PLACEMENT_3D('',#2087,#2088,#2089);
#2087 = CARTESIAN_POINT('',(-24.5,168.,-1.5));
#2088 = DIRECTION('',(0.,0.,1.));
#2089 = DIRECTION('',(1.,0.,0.));
#2090 = PLANE('',#2091);
#2091 = AXIS2_PLACEMENT_3D('',#2092,#2093,#2094);
#2092 = CARTESIAN_POINT('',(1.449189270898E-15,178.15,-1.5));
#2093 = DIRECTION('',(0.,0.,1.));
#2094 = DIRECTION('',(1.,0.,0.));
#2095 = ADVANCED_FACE('',(#2096),#2115,.F.);
#2096 = FACE_BOUND('',#2097,.F.);
#2097 = EDGE_LOOP('',(#2098,#2106,#2107,#2108));
#2098 = ORIENTED_EDGE('',*,*,#2099,.T.);
#2099 = EDGE_CURVE('',#2100,#2083,#2102,.T.);
#2100 = VERTEX_POINT('',#2101);
#2101 = CARTESIAN_POINT('',(-22.9,168.,0.));
#2102 = LINE('',#2103,#2104);
#2103 = CARTESIAN_POINT('',(-22.9,168.,0.));
#2104 = VECTOR('',#2105,1.);
#2105 = DIRECTION('',(-0.,-0.,-1.));
#2106 = ORIENTED_EDGE('',*,*,#2082,.T.);
#2107 = ORIENTED_EDGE('',*,*,#2099,.F.);
#2108 = ORIENTED_EDGE('',*,*,#2109,.F.);
#2109 = EDGE_CURVE('',#2100,#2100,#2110,.T.);
#2110 = CIRCLE('',#2111,1.6);
#2111 = AXIS2_PLACEMENT_3D('',#2112,#2113,#2114);
#2112 = CARTESIAN_POINT('',(-24.5,168.,0.));
#2113 = DIRECTION('',(0.,0.,1.));
#2114 = DIRECTION('',(1.,0.,0.));
#2115 = CYLINDRICAL_SURFACE('',#2116,1.6);
#2116 = AXIS2_PLACEMENT_3D('',#2117,#2118,#2119);
#2117 = CARTESIAN_POINT('',(-24.5,168.,0.));
#2118 = DIRECTION('',(0.,0.,1.));
#2119 = DIRECTION('',(1.,0.,0.));
#2120 = ADVANCED_FACE('',(#2121),#2140,.F.);
#2121 = FACE_BOUND('',#2122,.T.);
#2122 = EDGE_LOOP('',(#2123,#2131,#2132,#2133));
#2123 = ORIENTED_EDGE('',*,*,#2124,.F.);
#2124 = EDGE_CURVE('',#724,#2125,#2127,.T.);
#2125 = VERTEX_POINT('',#2126);
#2126 = CARTESIAN_POINT('',(27.5,168.,-4.));
#2127 = LINE('',#2128,#2129);
#2128 = CARTESIAN_POINT('',(27.5,168.,-4.));
#2129 = VECTOR('',#2130,1.);
#2130 = DIRECTION('',(-0.707106781187,0.,0.707106781187));
#2131 = ORIENTED_EDGE('',*,*,#723,.T.);
#2132 = ORIENTED_EDGE('',*,*,#2124,.T.);
#2133 = ORIENTED_EDGE('',*,*,#2134,.F.);
#2134 = EDGE_CURVE('',#2125,#2125,#2135,.T.);
#2135 = CIRCLE('',#2136,3.);
#2136 = AXIS2_PLACEMENT_3D('',#2137,#2138,#2139);
#2137 = CARTESIAN_POINT('',(24.5,168.,-4.));
#2138 = DIRECTION('',(0.,0.,-1.));
#2139 = DIRECTION('',(1.,0.,0.));
#2140 = CONICAL_SURFACE('',#2141,3.,0.785398163397);
#2141 = AXIS2_PLACEMENT_3D('',#2142,#2143,#2144);
#2142 = CARTESIAN_POINT('',(24.5,168.,-4.));
#2143 = DIRECTION('',(-0.,-0.,-1.));
#2144 = DIRECTION('',(1.,0.,0.));
#2145 = ADVANCED_FACE('',(#2146),#2165,.F.);
#2146 = FACE_BOUND('',#2147,.T.);
#2147 = EDGE_LOOP('',(#2148,#2156,#2163,#2164));
#2148 = ORIENTED_EDGE('',*,*,#2149,.F.);
#2149 = EDGE_CURVE('',#2150,#2125,#2152,.T.);
#2150 = VERTEX_POINT('',#2151);
#2151 = CARTESIAN_POINT('',(27.5,168.,-1.5));
#2152 = LINE('',#2153,#2154);
#2153 = CARTESIAN_POINT('',(27.5,168.,0.));
#2154 = VECTOR('',#2155,1.);
#2155 = DIRECTION('',(0.,0.,-1.));
#2156 = ORIENTED_EDGE('',*,*,#2157,.T.);
#2157 = EDGE_CURVE('',#2150,#2150,#2158,.T.);
#2158 = CIRCLE('',#2159,3.);
#2159 = AXIS2_PLACEMENT_3D('',#2160,#2161,#2162);
#2160 = CARTESIAN_POINT('',(24.5,168.,-1.5));
#2161 = DIRECTION('',(0.,0.,1.));
#2162 = DIRECTION('',(1.,0.,0.));
#2163 = ORIENTED_EDGE('',*,*,#2149,.T.);
#2164 = ORIENTED_EDGE('',*,*,#2134,.T.);
#2165 = CYLINDRICAL_SURFACE('',#2166,3.);
#2166 = AXIS2_PLACEMENT_3D('',#2167,#2168,#2169);
#2167 = CARTESIAN_POINT('',(24.5,168.,0.));
#2168 = DIRECTION('',(0.,0.,1.));
#2169 = DIRECTION('',(1.,0.,0.));
#2170 = ADVANCED_FACE('',(#2171,#2174),#2185,.F.);
#2171 = FACE_BOUND('',#2172,.F.);
#2172 = EDGE_LOOP('',(#2173));
#2173 = ORIENTED_EDGE('',*,*,#2157,.T.);
#2174 = FACE_BOUND('',#2175,.T.);
#2175 = EDGE_LOOP('',(#2176));
#2176 = ORIENTED_EDGE('',*,*,#2177,.T.);
#2177 = EDGE_CURVE('',#2178,#2178,#2180,.T.);
#2178 = VERTEX_POINT('',#2179);
#2179 = CARTESIAN_POINT('',(26.1,168.,-1.5));
#2180 = CIRCLE('',#2181,1.6);
#2181 = AXIS2_PLACEMENT_3D('',#2182,#2183,#2184);
#2182 = CARTESIAN_POINT('',(24.5,168.,-1.5));
#2183 = DIRECTION('',(0.,0.,1.));
#2184 = DIRECTION('',(1.,0.,0.));
#2185 = PLANE('',#2186);
#2186 = AXIS2_PLACEMENT_3D('',#2187,#2188,#2189);
#2187 = CARTESIAN_POINT('',(1.449189270898E-15,178.15,-1.5));
#2188 = DIRECTION('',(0.,0.,1.));
#2189 = DIRECTION('',(1.,0.,0.));
#2190 = ADVANCED_FACE('',(#2191),#2210,.F.);
#2191 = FACE_BOUND('',#2192,.F.);
#2192 = EDGE_LOOP('',(#2193,#2201,#2202,#2203));
#2193 = ORIENTED_EDGE('',*,*,#2194,.T.);
#2194 = EDGE_CURVE('',#2195,#2178,#2197,.T.);
#2195 = VERTEX_POINT('',#2196);
#2196 = CARTESIAN_POINT('',(26.1,168.,0.));
#2197 = LINE('',#2198,#2199);
#2198 = CARTESIAN_POINT('',(26.1,168.,0.));
#2199 = VECTOR('',#2200,1.);
#2200 = DIRECTION('',(-0.,-0.,-1.));
#2201 = ORIENTED_EDGE('',*,*,#2177,.T.);
#2202 = ORIENTED_EDGE('',*,*,#2194,.F.);
#2203 = ORIENTED_EDGE('',*,*,#2204,.F.);
#2204 = EDGE_CURVE('',#2195,#2195,#2205,.T.);
#2205 = CIRCLE('',#2206,1.6);
#2206 = AXIS2_PLACEMENT_3D('',#2207,#2208,#2209);
#2207 = CARTESIAN_POINT('',(24.5,168.,0.));
#2208 = DIRECTION('',(0.,0.,1.));
#2209 = DIRECTION('',(1.,0.,0.));
#2210 = CYLINDRICAL_SURFACE('',#2211,1.6);
#2211 = AXIS2_PLACEMENT_3D('',#2212,#2213,#2214);
#2212 = CARTESIAN_POINT('',(24.5,168.,0.));
#2213 = DIRECTION('',(0.,0.,1.));
#2214 = DIRECTION('',(1.,0.,0.));
#2215 = ADVANCED_FACE('',(#2216),#2228,.T.);
#2216 = FACE_BOUND('',#2217,.T.);
#2217 = EDGE_LOOP('',(#2218,#2219,#2220,#2221,#2227));
#2218 = ORIENTED_EDGE('',*,*,#516,.F.);
#2219 = ORIENTED_EDGE('',*,*,#742,.T.);
#2220 = ORIENTED_EDGE('',*,*,#773,.F.);
#2221 = ORIENTED_EDGE('',*,*,#2222,.F.);
#2222 = EDGE_CURVE('',#790,#766,#2223,.T.);
#2223 = LINE('',#2224,#2225);
#2224 = CARTESIAN_POINT('',(51.249999999993,129.3,-25.));
#2225 = VECTOR('',#2226,1.);
#2226 = DIRECTION('',(0.,1.,0.));
#2227 = ORIENTED_EDGE('',*,*,#789,.F.);
#2228 = PLANE('',#2229);
#2229 = AXIS2_PLACEMENT_3D('',#2230,#2231,#2232);
#2230 = CARTESIAN_POINT('',(51.249999999993,127.55510004037,
    -16.44296521683));
#2231 = DIRECTION('',(-1.,-0.,-0.));
#2232 = DIRECTION('',(0.,0.,-1.));
#2233 = ADVANCED_FACE('',(#2234),#2246,.T.);
#2234 = FACE_BOUND('',#2235,.T.);
#2235 = EDGE_LOOP('',(#2236,#2237,#2243,#2244,#2245));
#2236 = ORIENTED_EDGE('',*,*,#967,.T.);
#2237 = ORIENTED_EDGE('',*,*,#2238,.T.);
#2238 = EDGE_CURVE('',#960,#1052,#2239,.T.);
#2239 = LINE('',#2240,#2241);
#2240 = CARTESIAN_POINT('',(-51.24999999999,114.3,-25.));
#2241 = VECTOR('',#2242,1.);
#2242 = DIRECTION('',(0.,1.,0.));
#2243 = ORIENTED_EDGE('',*,*,#1051,.F.);
#2244 = ORIENTED_EDGE('',*,*,#991,.F.);
#2245 = ORIENTED_EDGE('',*,*,#589,.F.);
#2246 = PLANE('',#2247);
#2247 = AXIS2_PLACEMENT_3D('',#2248,#2249,#2250);
#2248 = CARTESIAN_POINT('',(-51.24999999999,128.12242706982,
    -16.75135925796));
#2249 = DIRECTION('',(1.,0.,0.));
#2250 = DIRECTION('',(0.,0.,1.));
#2251 = ADVANCED_FACE('',(#2252),#2273,.T.);
#2252 = FACE_BOUND('',#2253,.T.);
#2253 = EDGE_LOOP('',(#2254,#2255,#2256,#2257,#2258,#2264,#2265,#2266,
    #2267));
#2254 = ORIENTED_EDGE('',*,*,#479,.F.);
#2255 = ORIENTED_EDGE('',*,*,#605,.T.);
#2256 = ORIENTED_EDGE('',*,*,#982,.T.);
#2257 = ORIENTED_EDGE('',*,*,#1042,.T.);
#2258 = ORIENTED_EDGE('',*,*,#2259,.T.);
#2259 = EDGE_CURVE('',#1043,#63,#2260,.T.);
#2260 = LINE('',#2261,#2262);
#2261 = CARTESIAN_POINT('',(-57.24999999999,146.8,-25.));
#2262 = VECTOR('',#2263,1.);
#2263 = DIRECTION('',(0.,-1.,0.));
#2264 = ORIENTED_EDGE('',*,*,#71,.F.);
#2265 = ORIENTED_EDGE('',*,*,#32,.T.);
#2266 = ORIENTED_EDGE('',*,*,#86,.T.);
#2267 = ORIENTED_EDGE('',*,*,#2268,.F.);
#2268 = EDGE_CURVE('',#472,#87,#2269,.T.);
#2269 = LINE('',#2270,#2271);
#2270 = CARTESIAN_POINT('',(-57.25,131.3,0.));
#2271 = VECTOR('',#2272,1.);
#2272 = DIRECTION('',(0.,-1.,0.));
#2273 = PLANE('',#2274);
#2274 = AXIS2_PLACEMENT_3D('',#2275,#2276,#2277);
#2275 = CARTESIAN_POINT('',(-57.24999999999,121.90420863361,
    -13.44851294489));
#2276 = DIRECTION('',(-1.,7.039356475209E-16,-2.556871381547E-14));
#2277 = DIRECTION('',(2.556871381547E-14,0.,-1.));
#2278 = ADVANCED_FACE('',(#2279,#2291,#2294,#2297,#2300),#2303,.T.);
#2279 = FACE_BOUND('',#2280,.T.);
#2280 = EDGE_LOOP('',(#2281,#2282,#2283,#2284,#2285,#2286,#2287,#2288,
    #2289,#2290));
#2281 = ORIENTED_EDGE('',*,*,#280,.F.);
#2282 = ORIENTED_EDGE('',*,*,#471,.T.);
#2283 = ORIENTED_EDGE('',*,*,#2268,.T.);
#2284 = ORIENTED_EDGE('',*,*,#160,.T.);
#2285 = ORIENTED_EDGE('',*,*,#266,.T.);
#2286 = ORIENTED_EDGE('',*,*,#449,.T.);
#2287 = ORIENTED_EDGE('',*,*,#417,.F.);
#2288 = ORIENTED_EDGE('',*,*,#384,.F.);
#2289 = ORIENTED_EDGE('',*,*,#353,.F.);
#2290 = ORIENTED_EDGE('',*,*,#320,.F.);
#2291 = FACE_BOUND('',#2292,.T.);
#2292 = EDGE_LOOP('',(#2293));
#2293 = ORIENTED_EDGE('',*,*,#1385,.F.);
#2294 = FACE_BOUND('',#2295,.T.);
#2295 = EDGE_LOOP('',(#2296));
#2296 = ORIENTED_EDGE('',*,*,#2204,.F.);
#2297 = FACE_BOUND('',#2298,.T.);
#2298 = EDGE_LOOP('',(#2299));
#2299 = ORIENTED_EDGE('',*,*,#2109,.F.);
#2300 = FACE_BOUND('',#2301,.T.);
#2301 = EDGE_LOOP('',(#2302));
#2302 = ORIENTED_EDGE('',*,*,#1698,.F.);
#2303 = PLANE('',#2304);
#2304 = AXIS2_PLACEMENT_3D('',#2305,#2306,#2307);
#2305 = CARTESIAN_POINT('',(-2.430568854787E-12,141.65443798685,0.));
#2306 = DIRECTION('',(0.,0.,1.));
#2307 = DIRECTION('',(1.,0.,0.));
#2308 = ADVANCED_FACE('',(#2309,#2320,#2331,#2342),#2353,.T.);
#2309 = FACE_BOUND('',#2310,.T.);
#2310 = EDGE_LOOP('',(#2311,#2312,#2313,#2314,#2315,#2316,#2317,#2318,
    #2319));
#2311 = ORIENTED_EDGE('',*,*,#2222,.T.);
#2312 = ORIENTED_EDGE('',*,*,#765,.F.);
#2313 = ORIENTED_EDGE('',*,*,#226,.F.);
#2314 = ORIENTED_EDGE('',*,*,#207,.F.);
#2315 = ORIENTED_EDGE('',*,*,#128,.T.);
#2316 = ORIENTED_EDGE('',*,*,#869,.F.);
#2317 = ORIENTED_EDGE('',*,*,#845,.T.);
#2318 = ORIENTED_EDGE('',*,*,#821,.T.);
#2319 = ORIENTED_EDGE('',*,*,#797,.T.);
#2320 = FACE_BOUND('',#2321,.T.);
#2321 = EDGE_LOOP('',(#2322));
#2322 = ORIENTED_EDGE('',*,*,#2323,.F.);
#2323 = EDGE_CURVE('',#2324,#2324,#2326,.T.);
#2324 = VERTEX_POINT('',#2325);
#2325 = CARTESIAN_POINT('',(52.149999999994,104.29999999999,-25.));
#2326 = CIRCLE('',#2327,2.1);
#2327 = AXIS2_PLACEMENT_3D('',#2328,#2329,#2330);
#2328 = CARTESIAN_POINT('',(54.249999999994,104.29999999999,-25.));
#2329 = DIRECTION('',(0.,0.,-1.));
#2330 = DIRECTION('',(-1.,0.,0.));
#2331 = FACE_BOUND('',#2332,.T.);
#2332 = EDGE_LOOP('',(#2333));
#2333 = ORIENTED_EDGE('',*,*,#2334,.F.);
#2334 = EDGE_CURVE('',#2335,#2335,#2337,.T.);
#2335 = VERTEX_POINT('',#2336);
#2336 = CARTESIAN_POINT('',(52.149999999993,140.8,-25.));
#2337 = CIRCLE('',#2338,2.1);
#2338 = AXIS2_PLACEMENT_3D('',#2339,#2340,#2341);
#2339 = CARTESIAN_POINT('',(54.249999999993,140.8,-25.));
#2340 = DIRECTION('',(0.,0.,-1.));
#2341 = DIRECTION('',(-1.,0.,0.));
#2342 = FACE_BOUND('',#2343,.T.);
#2343 = EDGE_LOOP('',(#2344));
#2344 = ORIENTED_EDGE('',*,*,#2345,.F.);
#2345 = EDGE_CURVE('',#2346,#2346,#2348,.T.);
#2346 = VERTEX_POINT('',#2347);
#2347 = CARTESIAN_POINT('',(-0.85,104.3,-25.));
#2348 = CIRCLE('',#2349,2.1);
#2349 = AXIS2_PLACEMENT_3D('',#2350,#2351,#2352);
#2350 = CARTESIAN_POINT('',(1.25,104.3,-25.));
#2351 = DIRECTION('',(0.,0.,-1.));
#2352 = DIRECTION('',(-1.,0.,0.));
#2353 = PLANE('',#2354);
#2354 = AXIS2_PLACEMENT_3D('',#2355,#2356,#2357);
#2355 = CARTESIAN_POINT('',(36.334282753326,114.0948802911,-25.));
#2356 = DIRECTION('',(-0.,-0.,-1.));
#2357 = DIRECTION('',(-1.,0.,0.));
#2358 = ADVANCED_FACE('',(#2359),#2378,.F.);
#2359 = FACE_BOUND('',#2360,.T.);
#2360 = EDGE_LOOP('',(#2361,#2369,#2370,#2371));
#2361 = ORIENTED_EDGE('',*,*,#2362,.F.);
#2362 = EDGE_CURVE('',#2324,#2363,#2365,.T.);
#2363 = VERTEX_POINT('',#2364);
#2364 = CARTESIAN_POINT('',(52.149999999994,104.29999999999,-20.));
#2365 = LINE('',#2366,#2367);
#2366 = CARTESIAN_POINT('',(52.149999999994,104.29999999999,-25.));
#2367 = VECTOR('',#2368,1.);
#2368 = DIRECTION('',(8.881784197001E-17,0.,1.));
#2369 = ORIENTED_EDGE('',*,*,#2323,.T.);
#2370 = ORIENTED_EDGE('',*,*,#2362,.T.);
#2371 = ORIENTED_EDGE('',*,*,#2372,.F.);
#2372 = EDGE_CURVE('',#2363,#2363,#2373,.T.);
#2373 = CIRCLE('',#2374,2.1);
#2374 = AXIS2_PLACEMENT_3D('',#2375,#2376,#2377);
#2375 = CARTESIAN_POINT('',(54.249999999994,104.29999999999,-20.));
#2376 = DIRECTION('',(0.,0.,-1.));
#2377 = DIRECTION('',(-1.,0.,0.));
#2378 = CYLINDRICAL_SURFACE('',#2379,2.1);
#2379 = AXIS2_PLACEMENT_3D('',#2380,#2381,#2382);
#2380 = CARTESIAN_POINT('',(54.249999999994,104.29999999999,-25.));
#2381 = DIRECTION('',(0.,0.,1.));
#2382 = DIRECTION('',(-1.,0.,0.));
#2383 = ADVANCED_FACE('',(#2384),#2396,.F.);
#2384 = FACE_BOUND('',#2385,.T.);
#2385 = EDGE_LOOP('',(#2386,#2387,#2395));
#2386 = ORIENTED_EDGE('',*,*,#2372,.T.);
#2387 = ORIENTED_EDGE('',*,*,#2388,.T.);
#2388 = EDGE_CURVE('',#2363,#2389,#2391,.T.);
#2389 = VERTEX_POINT('',#2390);
#2390 = CARTESIAN_POINT('',(54.249999999994,104.29999999999,
    -18.73819270004));
#2391 = LINE('',#2392,#2393);
#2392 = CARTESIAN_POINT('',(52.149999999994,104.29999999999,-20.));
#2393 = VECTOR('',#2394,1.);
#2394 = DIRECTION('',(0.857167300702,0.,0.51503807491));
#2395 = ORIENTED_EDGE('',*,*,#2388,.F.);
#2396 = CONICAL_SURFACE('',#2397,2.1,1.029744258677);
#2397 = AXIS2_PLACEMENT_3D('',#2398,#2399,#2400);
#2398 = CARTESIAN_POINT('',(54.249999999994,104.29999999999,-20.));
#2399 = DIRECTION('',(-0.,-0.,-1.));
#2400 = DIRECTION('',(-1.,0.,0.));
#2401 = ADVANCED_FACE('',(#2402),#2421,.F.);
#2402 = FACE_BOUND('',#2403,.T.);
#2403 = EDGE_LOOP('',(#2404,#2412,#2413,#2414));
#2404 = ORIENTED_EDGE('',*,*,#2405,.F.);
#2405 = EDGE_CURVE('',#2335,#2406,#2408,.T.);
#2406 = VERTEX_POINT('',#2407);
#2407 = CARTESIAN_POINT('',(52.149999999993,140.8,-20.));
#2408 = LINE('',#2409,#2410);
#2409 = CARTESIAN_POINT('',(52.149999999993,140.8,-25.));
#2410 = VECTOR('',#2411,1.);
#2411 = DIRECTION('',(8.881784197001E-17,0.,1.));
#2412 = ORIENTED_EDGE('',*,*,#2334,.T.);
#2413 = ORIENTED_EDGE('',*,*,#2405,.T.);
#2414 = ORIENTED_EDGE('',*,*,#2415,.F.);
#2415 = EDGE_CURVE('',#2406,#2406,#2416,.T.);
#2416 = CIRCLE('',#2417,2.1);
#2417 = AXIS2_PLACEMENT_3D('',#2418,#2419,#2420);
#2418 = CARTESIAN_POINT('',(54.249999999993,140.8,-20.));
#2419 = DIRECTION('',(0.,0.,-1.));
#2420 = DIRECTION('',(-1.,0.,0.));
#2421 = CYLINDRICAL_SURFACE('',#2422,2.1);
#2422 = AXIS2_PLACEMENT_3D('',#2423,#2424,#2425);
#2423 = CARTESIAN_POINT('',(54.249999999993,140.8,-25.));
#2424 = DIRECTION('',(0.,0.,1.));
#2425 = DIRECTION('',(-1.,0.,0.));
#2426 = ADVANCED_FACE('',(#2427),#2439,.F.);
#2427 = FACE_BOUND('',#2428,.T.);
#2428 = EDGE_LOOP('',(#2429,#2430,#2438));
#2429 = ORIENTED_EDGE('',*,*,#2415,.T.);
#2430 = ORIENTED_EDGE('',*,*,#2431,.T.);
#2431 = EDGE_CURVE('',#2406,#2432,#2434,.T.);
#2432 = VERTEX_POINT('',#2433);
#2433 = CARTESIAN_POINT('',(54.249999999993,140.8,-18.73819270004));
#2434 = LINE('',#2435,#2436);
#2435 = CARTESIAN_POINT('',(52.149999999993,140.8,-20.));
#2436 = VECTOR('',#2437,1.);
#2437 = DIRECTION('',(0.857167300702,0.,0.51503807491));
#2438 = ORIENTED_EDGE('',*,*,#2431,.F.);
#2439 = CONICAL_SURFACE('',#2440,2.1,1.029744258677);
#2440 = AXIS2_PLACEMENT_3D('',#2441,#2442,#2443);
#2441 = CARTESIAN_POINT('',(54.249999999993,140.8,-20.));
#2442 = DIRECTION('',(-0.,-0.,-1.));
#2443 = DIRECTION('',(-1.,0.,0.));
#2444 = ADVANCED_FACE('',(#2445),#2464,.F.);
#2445 = FACE_BOUND('',#2446,.T.);
#2446 = EDGE_LOOP('',(#2447,#2455,#2456,#2457));
#2447 = ORIENTED_EDGE('',*,*,#2448,.F.);
#2448 = EDGE_CURVE('',#2346,#2449,#2451,.T.);
#2449 = VERTEX_POINT('',#2450);
#2450 = CARTESIAN_POINT('',(-0.85,104.3,-20.));
#2451 = LINE('',#2452,#2453);
#2452 = CARTESIAN_POINT('',(-0.85,104.3,-25.));
#2453 = VECTOR('',#2454,1.);
#2454 = DIRECTION('',(8.881784197001E-17,0.,1.));
#2455 = ORIENTED_EDGE('',*,*,#2345,.T.);
#2456 = ORIENTED_EDGE('',*,*,#2448,.T.);
#2457 = ORIENTED_EDGE('',*,*,#2458,.F.);
#2458 = EDGE_CURVE('',#2449,#2449,#2459,.T.);
#2459 = CIRCLE('',#2460,2.1);
#2460 = AXIS2_PLACEMENT_3D('',#2461,#2462,#2463);
#2461 = CARTESIAN_POINT('',(1.25,104.3,-20.));
#2462 = DIRECTION('',(0.,0.,-1.));
#2463 = DIRECTION('',(-1.,0.,0.));
#2464 = CYLINDRICAL_SURFACE('',#2465,2.1);
#2465 = AXIS2_PLACEMENT_3D('',#2466,#2467,#2468);
#2466 = CARTESIAN_POINT('',(1.25,104.3,-25.));
#2467 = DIRECTION('',(0.,0.,1.));
#2468 = DIRECTION('',(-1.,0.,0.));
#2469 = ADVANCED_FACE('',(#2470),#2482,.F.);
#2470 = FACE_BOUND('',#2471,.T.);
#2471 = EDGE_LOOP('',(#2472,#2473,#2481));
#2472 = ORIENTED_EDGE('',*,*,#2458,.T.);
#2473 = ORIENTED_EDGE('',*,*,#2474,.T.);
#2474 = EDGE_CURVE('',#2449,#2475,#2477,.T.);
#2475 = VERTEX_POINT('',#2476);
#2476 = CARTESIAN_POINT('',(1.25,104.3,-18.73819270004));
#2477 = LINE('',#2478,#2479);
#2478 = CARTESIAN_POINT('',(-0.85,104.3,-20.));
#2479 = VECTOR('',#2480,1.);
#2480 = DIRECTION('',(0.857167300702,0.,0.51503807491));
#2481 = ORIENTED_EDGE('',*,*,#2474,.F.);
#2482 = CONICAL_SURFACE('',#2483,2.1,1.029744258677);
#2483 = AXIS2_PLACEMENT_3D('',#2484,#2485,#2486);
#2484 = CARTESIAN_POINT('',(1.25,104.3,-20.));
#2485 = DIRECTION('',(-0.,-0.,-1.));
#2486 = DIRECTION('',(-1.,0.,0.));
#2487 = ADVANCED_FACE('',(#2488,#2499,#2510,#2513),#2524,.T.);
#2488 = FACE_BOUND('',#2489,.T.);
#2489 = EDGE_LOOP('',(#2490,#2491,#2492,#2493,#2494,#2495,#2496,#2497,
    #2498));
#2490 = ORIENTED_EDGE('',*,*,#2259,.F.);
#2491 = ORIENTED_EDGE('',*,*,#1059,.T.);
#2492 = ORIENTED_EDGE('',*,*,#2238,.F.);
#2493 = ORIENTED_EDGE('',*,*,#959,.F.);
#2494 = ORIENTED_EDGE('',*,*,#935,.F.);
#2495 = ORIENTED_EDGE('',*,*,#911,.F.);
#2496 = ORIENTED_EDGE('',*,*,#893,.T.);
#2497 = ORIENTED_EDGE('',*,*,#96,.F.);
#2498 = ORIENTED_EDGE('',*,*,#62,.T.);
#2499 = FACE_BOUND('',#2500,.T.);
#2500 = EDGE_LOOP('',(#2501));
#2501 = ORIENTED_EDGE('',*,*,#2502,.F.);
#2502 = EDGE_CURVE('',#2503,#2503,#2505,.T.);
#2503 = VERTEX_POINT('',#2504);
#2504 = CARTESIAN_POINT('',(-56.35,104.3,-25.));
#2505 = CIRCLE('',#2506,2.1);
#2506 = AXIS2_PLACEMENT_3D('',#2507,#2508,#2509);
#2507 = CARTESIAN_POINT('',(-54.25,104.3,-25.));
#2508 = DIRECTION('',(0.,0.,-1.));
#2509 = DIRECTION('',(-1.,0.,0.));
#2510 = FACE_BOUND('',#2511,.T.);
#2511 = EDGE_LOOP('',(#2512));
#2512 = ORIENTED_EDGE('',*,*,#1083,.F.);
#2513 = FACE_BOUND('',#2514,.T.);
#2514 = EDGE_LOOP('',(#2515));
#2515 = ORIENTED_EDGE('',*,*,#2516,.F.);
#2516 = EDGE_CURVE('',#2517,#2517,#2519,.T.);
#2517 = VERTEX_POINT('',#2518);
#2518 = CARTESIAN_POINT('',(-17.05,104.29999999999,-25.));
#2519 = CIRCLE('',#2520,2.1);
#2520 = AXIS2_PLACEMENT_3D('',#2521,#2522,#2523);
#2521 = CARTESIAN_POINT('',(-14.95,104.29999999999,-25.));
#2522 = DIRECTION('',(0.,0.,-1.));
#2523 = DIRECTION('',(-1.,0.,0.));
#2524 = PLANE('',#2525);
#2525 = AXIS2_PLACEMENT_3D('',#2526,#2527,#2528);
#2526 = CARTESIAN_POINT('',(-42.48406127274,116.48194087922,-25.));
#2527 = DIRECTION('',(-0.,-0.,-1.));
#2528 = DIRECTION('',(-1.,0.,0.));
#2529 = ADVANCED_FACE('',(#2530),#2549,.F.);
#2530 = FACE_BOUND('',#2531,.T.);
#2531 = EDGE_LOOP('',(#2532,#2540,#2541,#2542));
#2532 = ORIENTED_EDGE('',*,*,#2533,.F.);
#2533 = EDGE_CURVE('',#2503,#2534,#2536,.T.);
#2534 = VERTEX_POINT('',#2535);
#2535 = CARTESIAN_POINT('',(-56.35,104.3,-20.));
#2536 = LINE('',#2537,#2538);
#2537 = CARTESIAN_POINT('',(-56.35,104.3,-25.));
#2538 = VECTOR('',#2539,1.);
#2539 = DIRECTION('',(8.881784197001E-17,0.,1.));
#2540 = ORIENTED_EDGE('',*,*,#2502,.T.);
#2541 = ORIENTED_EDGE('',*,*,#2533,.T.);
#2542 = ORIENTED_EDGE('',*,*,#2543,.F.);
#2543 = EDGE_CURVE('',#2534,#2534,#2544,.T.);
#2544 = CIRCLE('',#2545,2.1);
#2545 = AXIS2_PLACEMENT_3D('',#2546,#2547,#2548);
#2546 = CARTESIAN_POINT('',(-54.25,104.3,-20.));
#2547 = DIRECTION('',(0.,0.,-1.));
#2548 = DIRECTION('',(-1.,0.,0.));
#2549 = CYLINDRICAL_SURFACE('',#2550,2.1);
#2550 = AXIS2_PLACEMENT_3D('',#2551,#2552,#2553);
#2551 = CARTESIAN_POINT('',(-54.25,104.3,-25.));
#2552 = DIRECTION('',(0.,0.,1.));
#2553 = DIRECTION('',(-1.,0.,0.));
#2554 = ADVANCED_FACE('',(#2555),#2567,.F.);
#2555 = FACE_BOUND('',#2556,.T.);
#2556 = EDGE_LOOP('',(#2557,#2558,#2566));
#2557 = ORIENTED_EDGE('',*,*,#2543,.T.);
#2558 = ORIENTED_EDGE('',*,*,#2559,.T.);
#2559 = EDGE_CURVE('',#2534,#2560,#2562,.T.);
#2560 = VERTEX_POINT('',#2561);
#2561 = CARTESIAN_POINT('',(-54.25,104.3,-18.73819270004));
#2562 = LINE('',#2563,#2564);
#2563 = CARTESIAN_POINT('',(-56.35,104.3,-20.));
#2564 = VECTOR('',#2565,1.);
#2565 = DIRECTION('',(0.857167300702,0.,0.51503807491));
#2566 = ORIENTED_EDGE('',*,*,#2559,.F.);
#2567 = CONICAL_SURFACE('',#2568,2.1,1.029744258677);
#2568 = AXIS2_PLACEMENT_3D('',#2569,#2570,#2571);
#2569 = CARTESIAN_POINT('',(-54.25,104.3,-20.));
#2570 = DIRECTION('',(-0.,-0.,-1.));
#2571 = DIRECTION('',(-1.,0.,0.));
#2572 = ADVANCED_FACE('',(#2573),#2592,.F.);
#2573 = FACE_BOUND('',#2574,.T.);
#2574 = EDGE_LOOP('',(#2575,#2583,#2584,#2585));
#2575 = ORIENTED_EDGE('',*,*,#2576,.F.);
#2576 = EDGE_CURVE('',#2517,#2577,#2579,.T.);
#2577 = VERTEX_POINT('',#2578);
#2578 = CARTESIAN_POINT('',(-17.05,104.29999999999,-20.));
#2579 = LINE('',#2580,#2581);
#2580 = CARTESIAN_POINT('',(-17.05,104.29999999999,-25.));
#2581 = VECTOR('',#2582,1.);
#2582 = DIRECTION('',(8.881784197001E-17,0.,1.));
#2583 = ORIENTED_EDGE('',*,*,#2516,.T.);
#2584 = ORIENTED_EDGE('',*,*,#2576,.T.);
#2585 = ORIENTED_EDGE('',*,*,#2586,.F.);
#2586 = EDGE_CURVE('',#2577,#2577,#2587,.T.);
#2587 = CIRCLE('',#2588,2.1);
#2588 = AXIS2_PLACEMENT_3D('',#2589,#2590,#2591);
#2589 = CARTESIAN_POINT('',(-14.95,104.29999999999,-20.));
#2590 = DIRECTION('',(0.,0.,-1.));
#2591 = DIRECTION('',(-1.,0.,0.));
#2592 = CYLINDRICAL_SURFACE('',#2593,2.1);
#2593 = AXIS2_PLACEMENT_3D('',#2594,#2595,#2596);
#2594 = CARTESIAN_POINT('',(-14.95,104.29999999999,-25.));
#2595 = DIRECTION('',(0.,0.,1.));
#2596 = DIRECTION('',(-1.,0.,0.));
#2597 = ADVANCED_FACE('',(#2598),#2610,.F.);
#2598 = FACE_BOUND('',#2599,.T.);
#2599 = EDGE_LOOP('',(#2600,#2601,#2609));
#2600 = ORIENTED_EDGE('',*,*,#2586,.T.);
#2601 = ORIENTED_EDGE('',*,*,#2602,.T.);
#2602 = EDGE_CURVE('',#2577,#2603,#2605,.T.);
#2603 = VERTEX_POINT('',#2604);
#2604 = CARTESIAN_POINT('',(-14.95,104.29999999999,-18.73819270004));
#2605 = LINE('',#2606,#2607);
#2606 = CARTESIAN_POINT('',(-17.05,104.29999999999,-20.));
#2607 = VECTOR('',#2608,1.);
#2608 = DIRECTION('',(0.857167300702,0.,0.51503807491));
#2609 = ORIENTED_EDGE('',*,*,#2602,.F.);
#2610 = CONICAL_SURFACE('',#2611,2.1,1.029744258677);
#2611 = AXIS2_PLACEMENT_3D('',#2612,#2613,#2614);
#2612 = CARTESIAN_POINT('',(-14.95,104.29999999999,-20.));
#2613 = DIRECTION('',(-0.,-0.,-1.));
#2614 = DIRECTION('',(-1.,0.,0.));
#2615 = ( GEOMETRIC_REPRESENTATION_CONTEXT(3) 
GLOBAL_UNCERTAINTY_ASSIGNED_CONTEXT((#2619)) 
GLOBAL_UNIT_ASSIGNED_CONTEXT((#2616,#2617,#2618)) REPRESENTATION_CONTEXT
('Context #1','3D Context with UNIT and UNCERTAINTY') );
#2616 = ( LENGTH_UNIT() NAMED_UNIT(*) SI_UNIT(.MILLI.,.METRE.) );
#2617 = ( NAMED_UNIT(*) PLANE_ANGLE_UNIT() SI_UNIT($,.RADIAN.) );
#2618 = ( NAMED_UNIT(*) SI_UNIT($,.STERADIAN.) SOLID_ANGLE_UNIT() );
#2619 = UNCERTAINTY_MEASURE_WITH_UNIT(LENGTH_MEASURE(5.E-06),#2616,
  'distance_accuracy_value','confusion accuracy');
#2620 = PRODUCT_RELATED_PRODUCT_CATEGORY('part',$,(#7));
#2621 = MECHANICAL_DESIGN_GEOMETRIC_PRESENTATION_REPRESENTATION('',(
    #2622),#2615);
#2622 = STYLED_ITEM('color',(#2623),#15);
#2623 = PRESENTATION_STYLE_ASSIGNMENT((#2624,#2630));
#2624 = SURFACE_STYLE_USAGE(.BOTH.,#2625);
#2625 = SURFACE_SIDE_STYLE('',(#2626));
#2626 = SURFACE_STYLE_FILL_AREA(#2627);
#2627 = FILL_AREA_STYLE('',(#2628));
#2628 = FILL_AREA_STYLE_COLOUR('',#2629);
#2629 = COLOUR_RGB('',0.800000010877,0.800000010877,0.800000010877);
#2630 = CURVE_STYLE('',#2631,POSITIVE_LENGTH_MEASURE(0.1),#2632);
#2631 = DRAUGHTING_PRE_DEFINED_CURVE_FONT('continuous');
#2632 = COLOUR_RGB('',9.803921802644E-02,9.803921802644E-02,
  9.803921802644E-02);
ENDSEC;
END-ISO-10303-21;
