ISO-10303-21;
HEADER;
FILE_DESCRIPTION(('FreeCAD Model'),'2;1');
FILE_NAME('Open CASCADE Shape Model','2025-08-27T17:23:17',(''),(''),
  'Open CASCADE STEP processor 7.8','FreeCAD','Unknown');
FILE_SCHEMA(('AUTOMOTIVE_DESIGN { 1 0 10303 214 1 1 1 1 }'));
ENDSEC;
DATA;
#1 = APPLICATION_PROTOCOL_DEFINITION('international standard',
  'automotive_design',2000,#2);
#2 = APPLICATION_CONTEXT(
  'core data for automotive mechanical design processes');
#3 = SHAPE_DEFINITION_REPRESENTATION(#4,#10);
#4 = PRODUCT_DEFINITION_SHAPE('','',#5);
#5 = PRODUCT_DEFINITION('design','',#6,#9);
#6 = PRODUCT_DEFINITION_FORMATION('','',#7);
#7 = PRODUCT('MotorSupport','MotorSupport','',(#8));
#8 = PRODUCT_CONTEXT('',#2,'mechanical');
#9 = PRODUCT_DEFINITION_CONTEXT('part definition',#2,'design');
#10 = ADVANCED_BREP_SHAPE_REPRESENTATION('',(#11,#15),#2639);
#11 = AXIS2_PLACEMENT_3D('',#12,#13,#14);
#12 = CARTESIAN_POINT('',(0.,0.,0.));
#13 = DIRECTION('',(0.,0.,1.));
#14 = DIRECTION('',(1.,0.,-0.));
#15 = MANIFOLD_SOLID_BREP('',#16);
#16 = CLOSED_SHELL('',(#17,#59,#162,#265,#312,#382,#415,#546,#579,#611,
    #651,#700,#739,#818,#858,#888,#913,#937,#969,#1001,#1018,#1057,#1089
    ,#1113,#1136,#1161,#1178,#1203,#1229,#1259,#1285,#1311,#1350,#1389,
    #1405,#1454,#1470,#1510,#1520,#1530,#1575,#1608,#1739,#1763,#1796,
    #1834,#1886,#1917,#1931,#1964,#2009,#2022,#2035,#2045,#2055,#2068,
    #2078,#2088,#2101,#2126,#2151,#2186,#2210,#2233,#2258,#2282,#2305,
    #2340,#2364,#2387,#2412,#2436,#2459,#2472,#2485,#2498,#2508,#2518,
    #2531,#2541,#2551,#2583,#2600,#2627));
#17 = ADVANCED_FACE('',(#18),#54,.F.);
#18 = FACE_BOUND('',#19,.T.);
#19 = EDGE_LOOP('',(#20,#30,#39,#47));
#20 = ORIENTED_EDGE('',*,*,#21,.T.);
#21 = EDGE_CURVE('',#22,#24,#26,.T.);
#22 = VERTEX_POINT('',#23);
#23 = CARTESIAN_POINT('',(3.,0.,53.797073868639));
#24 = VERTEX_POINT('',#25);
#25 = CARTESIAN_POINT('',(3.,-25.,53.797073868639));
#26 = LINE('',#27,#28);
#27 = CARTESIAN_POINT('',(3.,2.389E-14,53.797073868639));
#28 = VECTOR('',#29,1.);
#29 = DIRECTION('',(0.,-1.,4.4E-16));
#30 = ORIENTED_EDGE('',*,*,#31,.T.);
#31 = EDGE_CURVE('',#24,#32,#34,.T.);
#32 = VERTEX_POINT('',#33);
#33 = CARTESIAN_POINT('',(3.,-25.,61.702926131361));
#34 = CIRCLE('',#35,13.875);
#35 = AXIS2_PLACEMENT_3D('',#36,#37,#38);
#36 = CARTESIAN_POINT('',(16.3,-25.,57.75));
#37 = DIRECTION('',(0.,-1.,0.));
#38 = DIRECTION('',(1.,0.,0.));
#39 = ORIENTED_EDGE('',*,*,#40,.F.);
#40 = EDGE_CURVE('',#41,#32,#43,.T.);
#41 = VERTEX_POINT('',#42);
#42 = CARTESIAN_POINT('',(3.,0.,61.702926131361));
#43 = LINE('',#44,#45);
#44 = CARTESIAN_POINT('',(3.,2.74E-14,61.702926131361));
#45 = VECTOR('',#46,1.);
#46 = DIRECTION('',(0.,-1.,4.4E-16));
#47 = ORIENTED_EDGE('',*,*,#48,.F.);
#48 = EDGE_CURVE('',#22,#41,#49,.T.);
#49 = CIRCLE('',#50,13.875);
#50 = AXIS2_PLACEMENT_3D('',#51,#52,#53);
#51 = CARTESIAN_POINT('',(16.3,0.,57.75));
#52 = DIRECTION('',(0.,-1.,0.));
#53 = DIRECTION('',(1.,0.,0.));
#54 = CYLINDRICAL_SURFACE('',#55,13.875);
#55 = AXIS2_PLACEMENT_3D('',#56,#57,#58);
#56 = CARTESIAN_POINT('',(16.3,2.565E-14,57.75));
#57 = DIRECTION('',(0.,1.,-4.4E-16));
#58 = DIRECTION('',(1.,0.,0.));
#59 = ADVANCED_FACE('',(#60,#85,#121),#157,.T.);
#60 = FACE_BOUND('',#61,.T.);
#61 = EDGE_LOOP('',(#62,#63,#71,#79));
#62 = ORIENTED_EDGE('',*,*,#40,.T.);
#63 = ORIENTED_EDGE('',*,*,#64,.T.);
#64 = EDGE_CURVE('',#32,#65,#67,.T.);
#65 = VERTEX_POINT('',#66);
#66 = CARTESIAN_POINT('',(3.,-25.,84.829967922143));
#67 = LINE('',#68,#69);
#68 = CARTESIAN_POINT('',(3.,-25.,61.702926131361));
#69 = VECTOR('',#70,1.);
#70 = DIRECTION('',(0.,0.,1.));
#71 = ORIENTED_EDGE('',*,*,#72,.F.);
#72 = EDGE_CURVE('',#73,#65,#75,.T.);
#73 = VERTEX_POINT('',#74);
#74 = CARTESIAN_POINT('',(3.,0.,84.829967922143));
#75 = LINE('',#76,#77);
#76 = CARTESIAN_POINT('',(3.,3.767E-14,84.829967922143));
#77 = VECTOR('',#78,1.);
#78 = DIRECTION('',(0.,-1.,4.4E-16));
#79 = ORIENTED_EDGE('',*,*,#80,.F.);
#80 = EDGE_CURVE('',#41,#73,#81,.T.);
#81 = LINE('',#82,#83);
#82 = CARTESIAN_POINT('',(3.,0.,61.702926131361));
#83 = VECTOR('',#84,1.);
#84 = DIRECTION('',(0.,0.,1.));
#85 = FACE_BOUND('',#86,.T.);
#86 = EDGE_LOOP('',(#87,#98,#106,#115));
#87 = ORIENTED_EDGE('',*,*,#88,.F.);
#88 = EDGE_CURVE('',#89,#91,#93,.T.);
#89 = VERTEX_POINT('',#90);
#90 = CARTESIAN_POINT('',(3.,-22.,80.829967922143));
#91 = VERTEX_POINT('',#92);
#92 = CARTESIAN_POINT('',(3.,-18.,80.829967922143));
#93 = CIRCLE('',#94,2.);
#94 = AXIS2_PLACEMENT_3D('',#95,#96,#97);
#95 = CARTESIAN_POINT('',(3.,-20.,80.829967922143));
#96 = DIRECTION('',(-1.,0.,0.));
#97 = DIRECTION('',(-0.,0.,-1.));
#98 = ORIENTED_EDGE('',*,*,#99,.T.);
#99 = EDGE_CURVE('',#89,#100,#102,.T.);
#100 = VERTEX_POINT('',#101);
#101 = CARTESIAN_POINT('',(3.,-22.,70.829967922143));
#102 = LINE('',#103,#104);
#103 = CARTESIAN_POINT('',(3.,-22.,80.829967922143));
#104 = VECTOR('',#105,1.);
#105 = DIRECTION('',(-0.,0.,-1.));
#106 = ORIENTED_EDGE('',*,*,#107,.F.);
#107 = EDGE_CURVE('',#108,#100,#110,.T.);
#108 = VERTEX_POINT('',#109);
#109 = CARTESIAN_POINT('',(3.,-18.,70.829967922143));
#110 = CIRCLE('',#111,2.);
#111 = AXIS2_PLACEMENT_3D('',#112,#113,#114);
#112 = CARTESIAN_POINT('',(3.,-20.,70.829967922143));
#113 = DIRECTION('',(-1.,0.,0.));
#114 = DIRECTION('',(-0.,0.,-1.));
#115 = ORIENTED_EDGE('',*,*,#116,.F.);
#116 = EDGE_CURVE('',#91,#108,#117,.T.);
#117 = LINE('',#118,#119);
#118 = CARTESIAN_POINT('',(3.,-18.,80.829967922143));
#119 = VECTOR('',#120,1.);
#120 = DIRECTION('',(-0.,0.,-1.));
#121 = FACE_BOUND('',#122,.T.);
#122 = EDGE_LOOP('',(#123,#134,#142,#151));
#123 = ORIENTED_EDGE('',*,*,#124,.F.);
#124 = EDGE_CURVE('',#125,#127,#129,.T.);
#125 = VERTEX_POINT('',#126);
#126 = CARTESIAN_POINT('',(3.,-7.,80.829967922143));
#127 = VERTEX_POINT('',#128);
#128 = CARTESIAN_POINT('',(3.,-3.,80.829967922143));
#129 = CIRCLE('',#130,2.);
#130 = AXIS2_PLACEMENT_3D('',#131,#132,#133);
#131 = CARTESIAN_POINT('',(3.,-5.,80.829967922143));
#132 = DIRECTION('',(-1.,0.,0.));
#133 = DIRECTION('',(-0.,0.,-1.));
#134 = ORIENTED_EDGE('',*,*,#135,.T.);
#135 = EDGE_CURVE('',#125,#136,#138,.T.);
#136 = VERTEX_POINT('',#137);
#137 = CARTESIAN_POINT('',(3.,-7.,70.829967922143));
#138 = LINE('',#139,#140);
#139 = CARTESIAN_POINT('',(3.,-7.,80.829967922143));
#140 = VECTOR('',#141,1.);
#141 = DIRECTION('',(-0.,0.,-1.));
#142 = ORIENTED_EDGE('',*,*,#143,.F.);
#143 = EDGE_CURVE('',#144,#136,#146,.T.);
#144 = VERTEX_POINT('',#145);
#145 = CARTESIAN_POINT('',(3.,-3.,70.829967922143));
#146 = CIRCLE('',#147,2.);
#147 = AXIS2_PLACEMENT_3D('',#148,#149,#150);
#148 = CARTESIAN_POINT('',(3.,-5.,70.829967922143));
#149 = DIRECTION('',(-1.,0.,0.));
#150 = DIRECTION('',(-0.,0.,-1.));
#151 = ORIENTED_EDGE('',*,*,#152,.F.);
#152 = EDGE_CURVE('',#127,#144,#153,.T.);
#153 = LINE('',#154,#155);
#154 = CARTESIAN_POINT('',(3.,-3.,80.829967922143));
#155 = VECTOR('',#156,1.);
#156 = DIRECTION('',(-0.,0.,-1.));
#157 = PLANE('',#158);
#158 = AXIS2_PLACEMENT_3D('',#159,#160,#161);
#159 = CARTESIAN_POINT('',(3.,2.74E-14,61.702926131361));
#160 = DIRECTION('',(-1.,0.,0.));
#161 = DIRECTION('',(0.,4.4E-16,1.));
#162 = ADVANCED_FACE('',(#163,#188,#224),#260,.F.);
#163 = FACE_BOUND('',#164,.F.);
#164 = EDGE_LOOP('',(#165,#166,#174,#182));
#165 = ORIENTED_EDGE('',*,*,#21,.T.);
#166 = ORIENTED_EDGE('',*,*,#167,.T.);
#167 = EDGE_CURVE('',#24,#168,#170,.T.);
#168 = VERTEX_POINT('',#169);
#169 = CARTESIAN_POINT('',(3.,-25.,30.670032077857));
#170 = LINE('',#171,#172);
#171 = CARTESIAN_POINT('',(3.,-25.,53.797073868639));
#172 = VECTOR('',#173,1.);
#173 = DIRECTION('',(0.,0.,-1.));
#174 = ORIENTED_EDGE('',*,*,#175,.F.);
#175 = EDGE_CURVE('',#176,#168,#178,.T.);
#176 = VERTEX_POINT('',#177);
#177 = CARTESIAN_POINT('',(3.,0.,30.670032077857));
#178 = LINE('',#179,#180);
#179 = CARTESIAN_POINT('',(3.,1.362E-14,30.670032077857));
#180 = VECTOR('',#181,1.);
#181 = DIRECTION('',(0.,-1.,4.4E-16));
#182 = ORIENTED_EDGE('',*,*,#183,.F.);
#183 = EDGE_CURVE('',#22,#176,#184,.T.);
#184 = LINE('',#185,#186);
#185 = CARTESIAN_POINT('',(3.,0.,53.797073868639));
#186 = VECTOR('',#187,1.);
#187 = DIRECTION('',(0.,0.,-1.));
#188 = FACE_BOUND('',#189,.F.);
#189 = EDGE_LOOP('',(#190,#200,#209,#217));
#190 = ORIENTED_EDGE('',*,*,#191,.F.);
#191 = EDGE_CURVE('',#192,#194,#196,.T.);
#192 = VERTEX_POINT('',#193);
#193 = CARTESIAN_POINT('',(3.,-22.,44.670032077857));
#194 = VERTEX_POINT('',#195);
#195 = CARTESIAN_POINT('',(3.,-22.,34.670032077857));
#196 = LINE('',#197,#198);
#197 = CARTESIAN_POINT('',(3.,-22.,44.670032077857));
#198 = VECTOR('',#199,1.);
#199 = DIRECTION('',(-0.,0.,-1.));
#200 = ORIENTED_EDGE('',*,*,#201,.T.);
#201 = EDGE_CURVE('',#192,#202,#204,.T.);
#202 = VERTEX_POINT('',#203);
#203 = CARTESIAN_POINT('',(3.,-18.,44.670032077857));
#204 = CIRCLE('',#205,2.);
#205 = AXIS2_PLACEMENT_3D('',#206,#207,#208);
#206 = CARTESIAN_POINT('',(3.,-20.,44.670032077857));
#207 = DIRECTION('',(-1.,0.,0.));
#208 = DIRECTION('',(-0.,0.,-1.));
#209 = ORIENTED_EDGE('',*,*,#210,.T.);
#210 = EDGE_CURVE('',#202,#211,#213,.T.);
#211 = VERTEX_POINT('',#212);
#212 = CARTESIAN_POINT('',(3.,-18.,34.670032077857));
#213 = LINE('',#214,#215);
#214 = CARTESIAN_POINT('',(3.,-18.,44.670032077857));
#215 = VECTOR('',#216,1.);
#216 = DIRECTION('',(-0.,0.,-1.));
#217 = ORIENTED_EDGE('',*,*,#218,.T.);
#218 = EDGE_CURVE('',#211,#194,#219,.T.);
#219 = CIRCLE('',#220,2.);
#220 = AXIS2_PLACEMENT_3D('',#221,#222,#223);
#221 = CARTESIAN_POINT('',(3.,-20.,34.670032077857));
#222 = DIRECTION('',(-1.,0.,0.));
#223 = DIRECTION('',(-0.,0.,-1.));
#224 = FACE_BOUND('',#225,.F.);
#225 = EDGE_LOOP('',(#226,#236,#245,#253));
#226 = ORIENTED_EDGE('',*,*,#227,.F.);
#227 = EDGE_CURVE('',#228,#230,#232,.T.);
#228 = VERTEX_POINT('',#229);
#229 = CARTESIAN_POINT('',(3.,-7.,44.670032077857));
#230 = VERTEX_POINT('',#231);
#231 = CARTESIAN_POINT('',(3.,-7.,34.670032077857));
#232 = LINE('',#233,#234);
#233 = CARTESIAN_POINT('',(3.,-7.,44.670032077857));
#234 = VECTOR('',#235,1.);
#235 = DIRECTION('',(-0.,0.,-1.));
#236 = ORIENTED_EDGE('',*,*,#237,.T.);
#237 = EDGE_CURVE('',#228,#238,#240,.T.);
#238 = VERTEX_POINT('',#239);
#239 = CARTESIAN_POINT('',(3.,-3.,44.670032077857));
#240 = CIRCLE('',#241,2.);
#241 = AXIS2_PLACEMENT_3D('',#242,#243,#244);
#242 = CARTESIAN_POINT('',(3.,-5.,44.670032077857));
#243 = DIRECTION('',(-1.,0.,0.));
#244 = DIRECTION('',(-0.,0.,-1.));
#245 = ORIENTED_EDGE('',*,*,#246,.T.);
#246 = EDGE_CURVE('',#238,#247,#249,.T.);
#247 = VERTEX_POINT('',#248);
#248 = CARTESIAN_POINT('',(3.,-3.,34.670032077857));
#249 = LINE('',#250,#251);
#250 = CARTESIAN_POINT('',(3.,-3.,44.670032077857));
#251 = VECTOR('',#252,1.);
#252 = DIRECTION('',(-0.,0.,-1.));
#253 = ORIENTED_EDGE('',*,*,#254,.T.);
#254 = EDGE_CURVE('',#247,#230,#255,.T.);
#255 = CIRCLE('',#256,2.);
#256 = AXIS2_PLACEMENT_3D('',#257,#258,#259);
#257 = CARTESIAN_POINT('',(3.,-5.,34.670032077857));
#258 = DIRECTION('',(-1.,0.,0.));
#259 = DIRECTION('',(-0.,0.,-1.));
#260 = PLANE('',#261);
#261 = AXIS2_PLACEMENT_3D('',#262,#263,#264);
#262 = CARTESIAN_POINT('',(3.,2.389E-14,53.797073868639));
#263 = DIRECTION('',(1.,0.,0.));
#264 = DIRECTION('',(0.,-4.4E-16,-1.));
#265 = ADVANCED_FACE('',(#266),#307,.T.);
#266 = FACE_BOUND('',#267,.T.);
#267 = EDGE_LOOP('',(#268,#269,#277,#285,#293,#301));
#268 = ORIENTED_EDGE('',*,*,#99,.F.);
#269 = ORIENTED_EDGE('',*,*,#270,.T.);
#270 = EDGE_CURVE('',#89,#271,#273,.T.);
#271 = VERTEX_POINT('',#272);
#272 = CARTESIAN_POINT('',(6.,-22.,80.829967922143));
#273 = LINE('',#274,#275);
#274 = CARTESIAN_POINT('',(3.,-22.,80.829967922143));
#275 = VECTOR('',#276,1.);
#276 = DIRECTION('',(1.,0.,2.2E-16));
#277 = ORIENTED_EDGE('',*,*,#278,.T.);
#278 = EDGE_CURVE('',#271,#279,#281,.T.);
#279 = VERTEX_POINT('',#280);
#280 = CARTESIAN_POINT('',(6.,-22.,74.779704623572));
#281 = LINE('',#282,#283);
#282 = CARTESIAN_POINT('',(6.,-22.,82.829967922143));
#283 = VECTOR('',#284,1.);
#284 = DIRECTION('',(0.,-2.2E-16,-1.));
#285 = ORIENTED_EDGE('',*,*,#286,.T.);
#286 = EDGE_CURVE('',#279,#287,#289,.T.);
#287 = VERTEX_POINT('',#288);
#288 = CARTESIAN_POINT('',(6.,-22.,72.125));
#289 = LINE('',#290,#291);
#290 = CARTESIAN_POINT('',(6.,-22.,82.829967922143));
#291 = VECTOR('',#292,1.);
#292 = DIRECTION('',(0.,-2.2E-16,-1.));
#293 = ORIENTED_EDGE('',*,*,#294,.T.);
#294 = EDGE_CURVE('',#287,#295,#297,.T.);
#295 = VERTEX_POINT('',#296);
#296 = CARTESIAN_POINT('',(6.,-22.,70.829967922143));
#297 = LINE('',#298,#299);
#298 = CARTESIAN_POINT('',(6.,-22.,82.829967922143));
#299 = VECTOR('',#300,1.);
#300 = DIRECTION('',(0.,-2.2E-16,-1.));
#301 = ORIENTED_EDGE('',*,*,#302,.F.);
#302 = EDGE_CURVE('',#100,#295,#303,.T.);
#303 = LINE('',#304,#305);
#304 = CARTESIAN_POINT('',(3.,-22.,70.829967922143));
#305 = VECTOR('',#306,1.);
#306 = DIRECTION('',(1.,0.,2.2E-16));
#307 = PLANE('',#308);
#308 = AXIS2_PLACEMENT_3D('',#309,#310,#311);
#309 = CARTESIAN_POINT('',(3.,-22.,80.829967922143));
#310 = DIRECTION('',(0.,1.,-2.2E-16));
#311 = DIRECTION('',(2.2E-16,-2.2E-16,-1.));
#312 = ADVANCED_FACE('',(#313),#377,.F.);
#313 = FACE_BOUND('',#314,.F.);
#314 = EDGE_LOOP('',(#315,#325,#333,#341,#349,#357,#365,#371));
#315 = ORIENTED_EDGE('',*,*,#316,.T.);
#316 = EDGE_CURVE('',#317,#319,#321,.T.);
#317 = VERTEX_POINT('',#318);
#318 = CARTESIAN_POINT('',(6.,-25.,72.125));
#319 = VERTEX_POINT('',#320);
#320 = CARTESIAN_POINT('',(7.6,-25.,72.125));
#321 = LINE('',#322,#323);
#322 = CARTESIAN_POINT('',(6.,-25.,72.125));
#323 = VECTOR('',#324,1.);
#324 = DIRECTION('',(1.,0.,-2.22044604925E-16));
#325 = ORIENTED_EDGE('',*,*,#326,.T.);
#326 = EDGE_CURVE('',#319,#327,#329,.T.);
#327 = VERTEX_POINT('',#328);
#328 = CARTESIAN_POINT('',(7.6,1.595945597899E-14,72.125));
#329 = LINE('',#330,#331);
#330 = CARTESIAN_POINT('',(7.6,-25.,72.125));
#331 = VECTOR('',#332,1.);
#332 = DIRECTION('',(0.,1.,0.));
#333 = ORIENTED_EDGE('',*,*,#334,.F.);
#334 = EDGE_CURVE('',#335,#327,#337,.T.);
#335 = VERTEX_POINT('',#336);
#336 = CARTESIAN_POINT('',(6.,1.42108547152E-14,72.125));
#337 = LINE('',#338,#339);
#338 = CARTESIAN_POINT('',(6.,1.42108547152E-14,72.125));
#339 = VECTOR('',#340,1.);
#340 = DIRECTION('',(1.,0.,-2.22044604925E-16));
#341 = ORIENTED_EDGE('',*,*,#342,.F.);
#342 = EDGE_CURVE('',#343,#335,#345,.T.);
#343 = VERTEX_POINT('',#344);
#344 = CARTESIAN_POINT('',(6.,-3.,72.125));
#345 = LINE('',#346,#347);
#346 = CARTESIAN_POINT('',(6.,-25.,72.125));
#347 = VECTOR('',#348,1.);
#348 = DIRECTION('',(0.,1.,-1.094764425254E-47));
#349 = ORIENTED_EDGE('',*,*,#350,.F.);
#350 = EDGE_CURVE('',#351,#343,#353,.T.);
#351 = VERTEX_POINT('',#352);
#352 = CARTESIAN_POINT('',(6.,-7.,72.125));
#353 = LINE('',#354,#355);
#354 = CARTESIAN_POINT('',(6.,-25.,72.125));
#355 = VECTOR('',#356,1.);
#356 = DIRECTION('',(0.,1.,-1.094764425254E-47));
#357 = ORIENTED_EDGE('',*,*,#358,.F.);
#358 = EDGE_CURVE('',#359,#351,#361,.T.);
#359 = VERTEX_POINT('',#360);
#360 = CARTESIAN_POINT('',(6.,-18.,72.125));
#361 = LINE('',#362,#363);
#362 = CARTESIAN_POINT('',(6.,-25.,72.125));
#363 = VECTOR('',#364,1.);
#364 = DIRECTION('',(0.,1.,-1.094764425254E-47));
#365 = ORIENTED_EDGE('',*,*,#366,.F.);
#366 = EDGE_CURVE('',#287,#359,#367,.T.);
#367 = LINE('',#368,#369);
#368 = CARTESIAN_POINT('',(6.,-25.,72.125));
#369 = VECTOR('',#370,1.);
#370 = DIRECTION('',(0.,1.,-1.094764425254E-47));
#371 = ORIENTED_EDGE('',*,*,#372,.F.);
#372 = EDGE_CURVE('',#317,#287,#373,.T.);
#373 = LINE('',#374,#375);
#374 = CARTESIAN_POINT('',(6.,-25.,72.125));
#375 = VECTOR('',#376,1.);
#376 = DIRECTION('',(0.,1.,-1.094764425254E-47));
#377 = PLANE('',#378);
#378 = AXIS2_PLACEMENT_3D('',#379,#380,#381);
#379 = CARTESIAN_POINT('',(6.,-25.,72.125));
#380 = DIRECTION('',(2.22044604925E-16,0.,1.));
#381 = DIRECTION('',(0.,1.,0.));
#382 = ADVANCED_FACE('',(#383),#410,.T.);
#383 = FACE_BOUND('',#384,.F.);
#384 = EDGE_LOOP('',(#385,#394,#402,#409));
#385 = ORIENTED_EDGE('',*,*,#386,.T.);
#386 = EDGE_CURVE('',#319,#387,#389,.T.);
#387 = VERTEX_POINT('',#388);
#388 = CARTESIAN_POINT('',(9.,-25.,73.525));
#389 = CIRCLE('',#390,1.4);
#390 = AXIS2_PLACEMENT_3D('',#391,#392,#393);
#391 = CARTESIAN_POINT('',(7.6,-25.,73.525));
#392 = DIRECTION('',(0.,-1.,0.));
#393 = DIRECTION('',(0.,0.,1.));
#394 = ORIENTED_EDGE('',*,*,#395,.T.);
#395 = EDGE_CURVE('',#387,#396,#398,.T.);
#396 = VERTEX_POINT('',#397);
#397 = CARTESIAN_POINT('',(9.,1.564859353209E-14,73.525));
#398 = LINE('',#399,#400);
#399 = CARTESIAN_POINT('',(9.,-25.,73.525));
#400 = VECTOR('',#401,1.);
#401 = DIRECTION('',(0.,1.,0.));
#402 = ORIENTED_EDGE('',*,*,#403,.F.);
#403 = EDGE_CURVE('',#327,#396,#404,.T.);
#404 = CIRCLE('',#405,1.4);
#405 = AXIS2_PLACEMENT_3D('',#406,#407,#408);
#406 = CARTESIAN_POINT('',(7.6,1.564859353209E-14,73.525));
#407 = DIRECTION('',(0.,-1.,0.));
#408 = DIRECTION('',(0.,0.,1.));
#409 = ORIENTED_EDGE('',*,*,#326,.F.);
#410 = CYLINDRICAL_SURFACE('',#411,1.4);
#411 = AXIS2_PLACEMENT_3D('',#412,#413,#414);
#412 = CARTESIAN_POINT('',(7.6,-25.,73.525));
#413 = DIRECTION('',(0.,1.,0.));
#414 = DIRECTION('',(-2.22044604925E-16,0.,-1.));
#415 = ADVANCED_FACE('',(#416,#441,#491),#541,.T.);
#416 = FACE_BOUND('',#417,.T.);
#417 = EDGE_LOOP('',(#418,#426,#427,#435));
#418 = ORIENTED_EDGE('',*,*,#419,.T.);
#419 = EDGE_CURVE('',#420,#387,#422,.T.);
#420 = VERTEX_POINT('',#421);
#421 = CARTESIAN_POINT('',(9.,-25.,84.829967922143));
#422 = LINE('',#423,#424);
#423 = CARTESIAN_POINT('',(9.,-25.,84.829967922143));
#424 = VECTOR('',#425,1.);
#425 = DIRECTION('',(-2.22044604925E-16,1.094764425254E-47,-1.));
#426 = ORIENTED_EDGE('',*,*,#395,.T.);
#427 = ORIENTED_EDGE('',*,*,#428,.T.);
#428 = EDGE_CURVE('',#396,#429,#431,.T.);
#429 = VERTEX_POINT('',#430);
#430 = CARTESIAN_POINT('',(9.,1.42108547152E-14,84.829967922143));
#431 = LINE('',#432,#433);
#432 = CARTESIAN_POINT('',(9.,1.42108547152E-14,72.125));
#433 = VECTOR('',#434,1.);
#434 = DIRECTION('',(2.22044604925E-16,-1.094764425254E-47,1.));
#435 = ORIENTED_EDGE('',*,*,#436,.T.);
#436 = EDGE_CURVE('',#429,#420,#437,.T.);
#437 = LINE('',#438,#439);
#438 = CARTESIAN_POINT('',(9.,1.42108547152E-14,84.829967922143));
#439 = VECTOR('',#440,1.);
#440 = DIRECTION('',(0.,-1.,1.094764425254E-47));
#441 = FACE_BOUND('',#442,.F.);
#442 = EDGE_LOOP('',(#443,#453,#461,#469,#477,#485));
#443 = ORIENTED_EDGE('',*,*,#444,.T.);
#444 = EDGE_CURVE('',#445,#447,#449,.T.);
#445 = VERTEX_POINT('',#446);
#446 = CARTESIAN_POINT('',(9.,-7.95,75.328183294109));
#447 = VERTEX_POINT('',#448);
#448 = CARTESIAN_POINT('',(9.,-5.,73.625));
#449 = LINE('',#450,#451);
#450 = CARTESIAN_POINT('',(9.,-7.95,75.328183294109));
#451 = VECTOR('',#452,1.);
#452 = DIRECTION('',(-1.110223024625E-16,0.866025403784,-0.5));
#453 = ORIENTED_EDGE('',*,*,#454,.T.);
#454 = EDGE_CURVE('',#447,#455,#457,.T.);
#455 = VERTEX_POINT('',#456);
#456 = CARTESIAN_POINT('',(9.,-2.05,75.328183294109));
#457 = LINE('',#458,#459);
#458 = CARTESIAN_POINT('',(9.,-5.,73.625));
#459 = VECTOR('',#460,1.);
#460 = DIRECTION('',(1.110223024625E-16,0.866025403784,0.5));
#461 = ORIENTED_EDGE('',*,*,#462,.T.);
#462 = EDGE_CURVE('',#455,#463,#465,.T.);
#463 = VERTEX_POINT('',#464);
#464 = CARTESIAN_POINT('',(9.,-2.05,81.126796883611));
#465 = LINE('',#466,#467);
#466 = CARTESIAN_POINT('',(9.,-2.05,75.328183294109));
#467 = VECTOR('',#468,1.);
#468 = DIRECTION('',(2.22044604925E-16,-1.094764425254E-47,1.));
#469 = ORIENTED_EDGE('',*,*,#470,.T.);
#470 = EDGE_CURVE('',#463,#471,#473,.T.);
#471 = VERTEX_POINT('',#472);
#472 = CARTESIAN_POINT('',(9.,-5.,82.829980177721));
#473 = LINE('',#474,#475);
#474 = CARTESIAN_POINT('',(9.,-2.05,81.126796883611));
#475 = VECTOR('',#476,1.);
#476 = DIRECTION('',(1.110223024625E-16,-0.866025403784,0.5));
#477 = ORIENTED_EDGE('',*,*,#478,.T.);
#478 = EDGE_CURVE('',#471,#479,#481,.T.);
#479 = VERTEX_POINT('',#480);
#480 = CARTESIAN_POINT('',(9.,-7.95,81.126796883611));
#481 = LINE('',#482,#483);
#482 = CARTESIAN_POINT('',(9.,-5.,82.829980177721));
#483 = VECTOR('',#484,1.);
#484 = DIRECTION('',(-1.110223024625E-16,-0.866025403784,-0.5));
#485 = ORIENTED_EDGE('',*,*,#486,.T.);
#486 = EDGE_CURVE('',#479,#445,#487,.T.);
#487 = LINE('',#488,#489);
#488 = CARTESIAN_POINT('',(9.,-7.95,81.126796883611));
#489 = VECTOR('',#490,1.);
#490 = DIRECTION('',(-2.22044604925E-16,1.094764425254E-47,-1.));
#491 = FACE_BOUND('',#492,.T.);
#492 = EDGE_LOOP('',(#493,#503,#511,#519,#527,#535));
#493 = ORIENTED_EDGE('',*,*,#494,.T.);
#494 = EDGE_CURVE('',#495,#497,#499,.T.);
#495 = VERTEX_POINT('',#496);
#496 = CARTESIAN_POINT('',(9.,-22.94999292423,81.126772372456));
#497 = VERTEX_POINT('',#498);
#498 = CARTESIAN_POINT('',(9.,-20.,82.829967922143));
#499 = LINE('',#500,#501);
#500 = CARTESIAN_POINT('',(9.,-22.94999292423,81.126772372456));
#501 = VECTOR('',#502,1.);
#502 = DIRECTION('',(1.110231013436E-16,0.86602332656,0.50000359784));
#503 = ORIENTED_EDGE('',*,*,#504,.T.);
#504 = EDGE_CURVE('',#497,#505,#507,.T.);
#505 = VERTEX_POINT('',#506);
#506 = CARTESIAN_POINT('',(9.,-17.04999292423,81.126796883611));
#507 = LINE('',#508,#509);
#508 = CARTESIAN_POINT('',(9.,-20.,82.829967922143));
#509 = VECTOR('',#510,1.);
#510 = DIRECTION('',(-1.110215035796E-16,0.866027480994,-0.499996402151)
  );
#511 = ORIENTED_EDGE('',*,*,#512,.T.);
#512 = EDGE_CURVE('',#505,#513,#515,.T.);
#513 = VERTEX_POINT('',#514);
#514 = CARTESIAN_POINT('',(9.,-17.04999292423,75.328183294109));
#515 = LINE('',#516,#517);
#516 = CARTESIAN_POINT('',(9.,-17.04999292423,81.126796883611));
#517 = VECTOR('',#518,1.);
#518 = DIRECTION('',(-2.22044604925E-16,1.094764425254E-47,-1.));
#519 = ORIENTED_EDGE('',*,*,#520,.T.);
#520 = EDGE_CURVE('',#513,#521,#523,.T.);
#521 = VERTEX_POINT('',#522);
#522 = CARTESIAN_POINT('',(9.,-19.99999292423,73.625));
#523 = LINE('',#524,#525);
#524 = CARTESIAN_POINT('',(9.,-17.04999292423,75.328183294109));
#525 = VECTOR('',#526,1.);
#526 = DIRECTION('',(-1.110223024625E-16,-0.866025403784,-0.5));
#527 = ORIENTED_EDGE('',*,*,#528,.T.);
#528 = EDGE_CURVE('',#521,#529,#531,.T.);
#529 = VERTEX_POINT('',#530);
#530 = CARTESIAN_POINT('',(9.,-22.94999292423,75.328183294109));
#531 = LINE('',#532,#533);
#532 = CARTESIAN_POINT('',(9.,-19.99999292423,73.625));
#533 = VECTOR('',#534,1.);
#534 = DIRECTION('',(1.110223024625E-16,-0.866025403784,0.5));
#535 = ORIENTED_EDGE('',*,*,#536,.T.);
#536 = EDGE_CURVE('',#529,#495,#537,.T.);
#537 = LINE('',#538,#539);
#538 = CARTESIAN_POINT('',(9.,-22.94999292423,75.328183294109));
#539 = VECTOR('',#540,1.);
#540 = DIRECTION('',(2.22044604925E-16,-1.094764425254E-47,1.));
#541 = PLANE('',#542);
#542 = AXIS2_PLACEMENT_3D('',#543,#544,#545);
#543 = CARTESIAN_POINT('',(9.,-12.49999766009,57.749999848051));
#544 = DIRECTION('',(1.,0.,0.));
#545 = DIRECTION('',(0.,0.,1.));
#546 = ADVANCED_FACE('',(#547),#574,.T.);
#547 = FACE_BOUND('',#548,.T.);
#548 = EDGE_LOOP('',(#549,#550,#558,#566,#573));
#549 = ORIENTED_EDGE('',*,*,#372,.F.);
#550 = ORIENTED_EDGE('',*,*,#551,.T.);
#551 = EDGE_CURVE('',#317,#552,#554,.T.);
#552 = VERTEX_POINT('',#553);
#553 = CARTESIAN_POINT('',(6.,-25.,69.829967922143));
#554 = LINE('',#555,#556);
#555 = CARTESIAN_POINT('',(6.,-25.,84.829967922143));
#556 = VECTOR('',#557,1.);
#557 = DIRECTION('',(0.,0.,-1.));
#558 = ORIENTED_EDGE('',*,*,#559,.F.);
#559 = EDGE_CURVE('',#560,#552,#562,.T.);
#560 = VERTEX_POINT('',#561);
#561 = CARTESIAN_POINT('',(6.,-21.73205080756,69.829967922143));
#562 = LINE('',#563,#564);
#563 = CARTESIAN_POINT('',(6.,3.101E-14,69.829967922143));
#564 = VECTOR('',#565,1.);
#565 = DIRECTION('',(0.,-1.,4.4E-16));
#566 = ORIENTED_EDGE('',*,*,#567,.T.);
#567 = EDGE_CURVE('',#560,#295,#568,.T.);
#568 = CIRCLE('',#569,2.);
#569 = AXIS2_PLACEMENT_3D('',#570,#571,#572);
#570 = CARTESIAN_POINT('',(6.,-20.,70.829967922143));
#571 = DIRECTION('',(-1.,0.,-2.2E-16));
#572 = DIRECTION('',(2.2E-16,-2.2E-16,-1.));
#573 = ORIENTED_EDGE('',*,*,#294,.F.);
#574 = PLANE('',#575);
#575 = AXIS2_PLACEMENT_3D('',#576,#577,#578);
#576 = CARTESIAN_POINT('',(6.,3.767E-14,84.829967922143));
#577 = DIRECTION('',(1.,0.,0.));
#578 = DIRECTION('',(0.,-4.4E-16,-1.));
#579 = ADVANCED_FACE('',(#580),#606,.F.);
#580 = FACE_BOUND('',#581,.F.);
#581 = EDGE_LOOP('',(#582,#583,#584,#592,#600));
#582 = ORIENTED_EDGE('',*,*,#286,.T.);
#583 = ORIENTED_EDGE('',*,*,#366,.T.);
#584 = ORIENTED_EDGE('',*,*,#585,.F.);
#585 = EDGE_CURVE('',#586,#359,#588,.T.);
#586 = VERTEX_POINT('',#587);
#587 = CARTESIAN_POINT('',(6.,-18.,74.779696453187));
#588 = LINE('',#589,#590);
#589 = CARTESIAN_POINT('',(6.,-18.,82.829967922143));
#590 = VECTOR('',#591,1.);
#591 = DIRECTION('',(0.,-2.2E-16,-1.));
#592 = ORIENTED_EDGE('',*,*,#593,.T.);
#593 = EDGE_CURVE('',#586,#594,#596,.T.);
#594 = VERTEX_POINT('',#595);
#595 = CARTESIAN_POINT('',(6.,-19.99999292423,73.625));
#596 = LINE('',#597,#598);
#597 = CARTESIAN_POINT('',(6.,-17.04999292423,75.328183294109));
#598 = VECTOR('',#599,1.);
#599 = DIRECTION('',(-1.110223024625E-16,-0.866025403784,-0.5));
#600 = ORIENTED_EDGE('',*,*,#601,.T.);
#601 = EDGE_CURVE('',#594,#279,#602,.T.);
#602 = LINE('',#603,#604);
#603 = CARTESIAN_POINT('',(6.,-19.99999292423,73.625));
#604 = VECTOR('',#605,1.);
#605 = DIRECTION('',(1.110223024625E-16,-0.866025403784,0.5));
#606 = PLANE('',#607);
#607 = AXIS2_PLACEMENT_3D('',#608,#609,#610);
#608 = CARTESIAN_POINT('',(6.,-12.49999766009,57.749999848051));
#609 = DIRECTION('',(1.,0.,0.));
#610 = DIRECTION('',(0.,0.,1.));
#611 = ADVANCED_FACE('',(#612),#646,.T.);
#612 = FACE_BOUND('',#613,.T.);
#613 = EDGE_LOOP('',(#614,#622,#623,#631,#640));
#614 = ORIENTED_EDGE('',*,*,#615,.F.);
#615 = EDGE_CURVE('',#335,#616,#618,.T.);
#616 = VERTEX_POINT('',#617);
#617 = CARTESIAN_POINT('',(6.,0.,69.829967922143));
#618 = LINE('',#619,#620);
#619 = CARTESIAN_POINT('',(6.,0.,84.829967922143));
#620 = VECTOR('',#621,1.);
#621 = DIRECTION('',(0.,0.,-1.));
#622 = ORIENTED_EDGE('',*,*,#342,.F.);
#623 = ORIENTED_EDGE('',*,*,#624,.T.);
#624 = EDGE_CURVE('',#343,#625,#627,.T.);
#625 = VERTEX_POINT('',#626);
#626 = CARTESIAN_POINT('',(6.,-3.,70.829967922143));
#627 = LINE('',#628,#629);
#628 = CARTESIAN_POINT('',(6.,-3.,82.829967922143));
#629 = VECTOR('',#630,1.);
#630 = DIRECTION('',(0.,-2.2E-16,-1.));
#631 = ORIENTED_EDGE('',*,*,#632,.T.);
#632 = EDGE_CURVE('',#625,#633,#635,.T.);
#633 = VERTEX_POINT('',#634);
#634 = CARTESIAN_POINT('',(6.,-3.267949192431,69.829967922143));
#635 = CIRCLE('',#636,2.);
#636 = AXIS2_PLACEMENT_3D('',#637,#638,#639);
#637 = CARTESIAN_POINT('',(6.,-5.,70.829967922143));
#638 = DIRECTION('',(-1.,0.,-2.2E-16));
#639 = DIRECTION('',(2.2E-16,-2.2E-16,-1.));
#640 = ORIENTED_EDGE('',*,*,#641,.F.);
#641 = EDGE_CURVE('',#616,#633,#642,.T.);
#642 = LINE('',#643,#644);
#643 = CARTESIAN_POINT('',(6.,3.101E-14,69.829967922143));
#644 = VECTOR('',#645,1.);
#645 = DIRECTION('',(0.,-1.,4.4E-16));
#646 = PLANE('',#647);
#647 = AXIS2_PLACEMENT_3D('',#648,#649,#650);
#648 = CARTESIAN_POINT('',(6.,3.767E-14,84.829967922143));
#649 = DIRECTION('',(1.,0.,0.));
#650 = DIRECTION('',(0.,-4.4E-16,-1.));
#651 = ADVANCED_FACE('',(#652),#695,.T.);
#652 = FACE_BOUND('',#653,.T.);
#653 = EDGE_LOOP('',(#654,#662,#663,#671,#680,#688));
#654 = ORIENTED_EDGE('',*,*,#655,.F.);
#655 = EDGE_CURVE('',#351,#656,#658,.T.);
#656 = VERTEX_POINT('',#657);
#657 = CARTESIAN_POINT('',(6.,-7.,70.829967922143));
#658 = LINE('',#659,#660);
#659 = CARTESIAN_POINT('',(6.,-7.,82.829967922143));
#660 = VECTOR('',#661,1.);
#661 = DIRECTION('',(0.,-2.2E-16,-1.));
#662 = ORIENTED_EDGE('',*,*,#358,.F.);
#663 = ORIENTED_EDGE('',*,*,#664,.T.);
#664 = EDGE_CURVE('',#359,#665,#667,.T.);
#665 = VERTEX_POINT('',#666);
#666 = CARTESIAN_POINT('',(6.,-18.,70.829967922143));
#667 = LINE('',#668,#669);
#668 = CARTESIAN_POINT('',(6.,-18.,82.829967922143));
#669 = VECTOR('',#670,1.);
#670 = DIRECTION('',(0.,-2.2E-16,-1.));
#671 = ORIENTED_EDGE('',*,*,#672,.T.);
#672 = EDGE_CURVE('',#665,#673,#675,.T.);
#673 = VERTEX_POINT('',#674);
#674 = CARTESIAN_POINT('',(6.,-18.26794919243,69.829967922143));
#675 = CIRCLE('',#676,2.);
#676 = AXIS2_PLACEMENT_3D('',#677,#678,#679);
#677 = CARTESIAN_POINT('',(6.,-20.,70.829967922143));
#678 = DIRECTION('',(-1.,0.,-2.2E-16));
#679 = DIRECTION('',(2.2E-16,-2.2E-16,-1.));
#680 = ORIENTED_EDGE('',*,*,#681,.F.);
#681 = EDGE_CURVE('',#682,#673,#684,.T.);
#682 = VERTEX_POINT('',#683);
#683 = CARTESIAN_POINT('',(6.,-6.732050807569,69.829967922143));
#684 = LINE('',#685,#686);
#685 = CARTESIAN_POINT('',(6.,3.101E-14,69.829967922143));
#686 = VECTOR('',#687,1.);
#687 = DIRECTION('',(0.,-1.,4.4E-16));
#688 = ORIENTED_EDGE('',*,*,#689,.T.);
#689 = EDGE_CURVE('',#682,#656,#690,.T.);
#690 = CIRCLE('',#691,2.);
#691 = AXIS2_PLACEMENT_3D('',#692,#693,#694);
#692 = CARTESIAN_POINT('',(6.,-5.,70.829967922143));
#693 = DIRECTION('',(-1.,0.,-2.2E-16));
#694 = DIRECTION('',(2.2E-16,-2.2E-16,-1.));
#695 = PLANE('',#696);
#696 = AXIS2_PLACEMENT_3D('',#697,#698,#699);
#697 = CARTESIAN_POINT('',(6.,3.767E-14,84.829967922143));
#698 = DIRECTION('',(1.,0.,0.));
#699 = DIRECTION('',(0.,-4.4E-16,-1.));
#700 = ADVANCED_FACE('',(#701),#734,.F.);
#701 = FACE_BOUND('',#702,.F.);
#702 = EDGE_LOOP('',(#703,#704,#712,#720,#728));
#703 = ORIENTED_EDGE('',*,*,#350,.T.);
#704 = ORIENTED_EDGE('',*,*,#705,.F.);
#705 = EDGE_CURVE('',#706,#343,#708,.T.);
#706 = VERTEX_POINT('',#707);
#707 = CARTESIAN_POINT('',(6.,-3.,74.779700538379));
#708 = LINE('',#709,#710);
#709 = CARTESIAN_POINT('',(6.,-3.,82.829967922143));
#710 = VECTOR('',#711,1.);
#711 = DIRECTION('',(0.,-2.2E-16,-1.));
#712 = ORIENTED_EDGE('',*,*,#713,.F.);
#713 = EDGE_CURVE('',#714,#706,#716,.T.);
#714 = VERTEX_POINT('',#715);
#715 = CARTESIAN_POINT('',(6.,-5.,73.625));
#716 = LINE('',#717,#718);
#717 = CARTESIAN_POINT('',(6.,-5.,73.625));
#718 = VECTOR('',#719,1.);
#719 = DIRECTION('',(1.110223024625E-16,0.866025403784,0.5));
#720 = ORIENTED_EDGE('',*,*,#721,.F.);
#721 = EDGE_CURVE('',#722,#714,#724,.T.);
#722 = VERTEX_POINT('',#723);
#723 = CARTESIAN_POINT('',(6.,-7.,74.779700538379));
#724 = LINE('',#725,#726);
#725 = CARTESIAN_POINT('',(6.,-7.95,75.328183294109));
#726 = VECTOR('',#727,1.);
#727 = DIRECTION('',(-1.110223024625E-16,0.866025403784,-0.5));
#728 = ORIENTED_EDGE('',*,*,#729,.T.);
#729 = EDGE_CURVE('',#722,#351,#730,.T.);
#730 = LINE('',#731,#732);
#731 = CARTESIAN_POINT('',(6.,-7.,82.829967922143));
#732 = VECTOR('',#733,1.);
#733 = DIRECTION('',(0.,-2.2E-16,-1.));
#734 = PLANE('',#735);
#735 = AXIS2_PLACEMENT_3D('',#736,#737,#738);
#736 = CARTESIAN_POINT('',(6.,-12.49999766009,57.749999848051));
#737 = DIRECTION('',(1.,0.,0.));
#738 = DIRECTION('',(0.,0.,1.));
#739 = ADVANCED_FACE('',(#740),#813,.T.);
#740 = FACE_BOUND('',#741,.F.);
#741 = EDGE_LOOP('',(#742,#752,#760,#768,#776,#784,#791,#792,#798,#799,
    #805,#806));
#742 = ORIENTED_EDGE('',*,*,#743,.T.);
#743 = EDGE_CURVE('',#744,#746,#748,.T.);
#744 = VERTEX_POINT('',#745);
#745 = CARTESIAN_POINT('',(6.,0.,45.670032077857));
#746 = VERTEX_POINT('',#747);
#747 = CARTESIAN_POINT('',(6.,-3.267949192431,45.670032077857));
#748 = LINE('',#749,#750);
#749 = CARTESIAN_POINT('',(6.,2.028E-14,45.670032077857));
#750 = VECTOR('',#751,1.);
#751 = DIRECTION('',(0.,-1.,4.4E-16));
#752 = ORIENTED_EDGE('',*,*,#753,.T.);
#753 = EDGE_CURVE('',#746,#754,#756,.T.);
#754 = VERTEX_POINT('',#755);
#755 = CARTESIAN_POINT('',(6.,-6.732050807569,45.670032077857));
#756 = LINE('',#757,#758);
#757 = CARTESIAN_POINT('',(6.,2.028E-14,45.670032077857));
#758 = VECTOR('',#759,1.);
#759 = DIRECTION('',(0.,-1.,4.4E-16));
#760 = ORIENTED_EDGE('',*,*,#761,.T.);
#761 = EDGE_CURVE('',#754,#762,#764,.T.);
#762 = VERTEX_POINT('',#763);
#763 = CARTESIAN_POINT('',(6.,-18.26794919243,45.670032077857));
#764 = LINE('',#765,#766);
#765 = CARTESIAN_POINT('',(6.,2.028E-14,45.670032077857));
#766 = VECTOR('',#767,1.);
#767 = DIRECTION('',(0.,-1.,4.4E-16));
#768 = ORIENTED_EDGE('',*,*,#769,.T.);
#769 = EDGE_CURVE('',#762,#770,#772,.T.);
#770 = VERTEX_POINT('',#771);
#771 = CARTESIAN_POINT('',(6.,-21.73205080756,45.670032077857));
#772 = LINE('',#773,#774);
#773 = CARTESIAN_POINT('',(6.,2.028E-14,45.670032077857));
#774 = VECTOR('',#775,1.);
#775 = DIRECTION('',(0.,-1.,4.4E-16));
#776 = ORIENTED_EDGE('',*,*,#777,.T.);
#777 = EDGE_CURVE('',#770,#778,#780,.T.);
#778 = VERTEX_POINT('',#779);
#779 = CARTESIAN_POINT('',(6.,-25.,45.670032077857));
#780 = LINE('',#781,#782);
#781 = CARTESIAN_POINT('',(6.,2.028E-14,45.670032077857));
#782 = VECTOR('',#783,1.);
#783 = DIRECTION('',(0.,-1.,4.4E-16));
#784 = ORIENTED_EDGE('',*,*,#785,.T.);
#785 = EDGE_CURVE('',#778,#552,#786,.T.);
#786 = CIRCLE('',#787,15.875);
#787 = AXIS2_PLACEMENT_3D('',#788,#789,#790);
#788 = CARTESIAN_POINT('',(16.3,-25.,57.75));
#789 = DIRECTION('',(0.,-1.,0.));
#790 = DIRECTION('',(1.,0.,0.));
#791 = ORIENTED_EDGE('',*,*,#559,.F.);
#792 = ORIENTED_EDGE('',*,*,#793,.F.);
#793 = EDGE_CURVE('',#673,#560,#794,.T.);
#794 = LINE('',#795,#796);
#795 = CARTESIAN_POINT('',(6.,3.101E-14,69.829967922143));
#796 = VECTOR('',#797,1.);
#797 = DIRECTION('',(0.,-1.,4.4E-16));
#798 = ORIENTED_EDGE('',*,*,#681,.F.);
#799 = ORIENTED_EDGE('',*,*,#800,.F.);
#800 = EDGE_CURVE('',#633,#682,#801,.T.);
#801 = LINE('',#802,#803);
#802 = CARTESIAN_POINT('',(6.,3.101E-14,69.829967922143));
#803 = VECTOR('',#804,1.);
#804 = DIRECTION('',(0.,-1.,4.4E-16));
#805 = ORIENTED_EDGE('',*,*,#641,.F.);
#806 = ORIENTED_EDGE('',*,*,#807,.F.);
#807 = EDGE_CURVE('',#744,#616,#808,.T.);
#808 = CIRCLE('',#809,15.875);
#809 = AXIS2_PLACEMENT_3D('',#810,#811,#812);
#810 = CARTESIAN_POINT('',(16.3,0.,57.75));
#811 = DIRECTION('',(0.,-1.,0.));
#812 = DIRECTION('',(1.,0.,0.));
#813 = CYLINDRICAL_SURFACE('',#814,15.875);
#814 = AXIS2_PLACEMENT_3D('',#815,#816,#817);
#815 = CARTESIAN_POINT('',(16.3,2.565E-14,57.75));
#816 = DIRECTION('',(0.,1.,-4.4E-16));
#817 = DIRECTION('',(1.,0.,0.));
#818 = ADVANCED_FACE('',(#819),#853,.F.);
#819 = FACE_BOUND('',#820,.F.);
#820 = EDGE_LOOP('',(#821,#829,#837,#845,#852));
#821 = ORIENTED_EDGE('',*,*,#822,.F.);
#822 = EDGE_CURVE('',#823,#744,#825,.T.);
#823 = VERTEX_POINT('',#824);
#824 = CARTESIAN_POINT('',(6.,1.42108547152E-14,43.375));
#825 = LINE('',#826,#827);
#826 = CARTESIAN_POINT('',(6.,0.,30.670032077857));
#827 = VECTOR('',#828,1.);
#828 = DIRECTION('',(0.,0.,1.));
#829 = ORIENTED_EDGE('',*,*,#830,.T.);
#830 = EDGE_CURVE('',#823,#831,#833,.T.);
#831 = VERTEX_POINT('',#832);
#832 = CARTESIAN_POINT('',(6.,-3.,43.375));
#833 = LINE('',#834,#835);
#834 = CARTESIAN_POINT('',(6.,1.42108547152E-14,43.375));
#835 = VECTOR('',#836,1.);
#836 = DIRECTION('',(0.,-1.,1.094764425254E-47));
#837 = ORIENTED_EDGE('',*,*,#838,.F.);
#838 = EDGE_CURVE('',#839,#831,#841,.T.);
#839 = VERTEX_POINT('',#840);
#840 = CARTESIAN_POINT('',(6.,-3.,44.670032077857));
#841 = LINE('',#842,#843);
#842 = CARTESIAN_POINT('',(6.,-3.,64.75));
#843 = VECTOR('',#844,1.);
#844 = DIRECTION('',(0.,-2.2E-16,-1.));
#845 = ORIENTED_EDGE('',*,*,#846,.F.);
#846 = EDGE_CURVE('',#746,#839,#847,.T.);
#847 = CIRCLE('',#848,2.);
#848 = AXIS2_PLACEMENT_3D('',#849,#850,#851);
#849 = CARTESIAN_POINT('',(6.,-5.,44.670032077857));
#850 = DIRECTION('',(-1.,0.,-2.2E-16));
#851 = DIRECTION('',(2.2E-16,-2.2E-16,-1.));
#852 = ORIENTED_EDGE('',*,*,#743,.F.);
#853 = PLANE('',#854);
#854 = AXIS2_PLACEMENT_3D('',#855,#856,#857);
#855 = CARTESIAN_POINT('',(6.,1.362E-14,30.670032077857));
#856 = DIRECTION('',(-1.,0.,0.));
#857 = DIRECTION('',(0.,4.4E-16,1.));
#858 = ADVANCED_FACE('',(#859),#883,.T.);
#859 = FACE_BOUND('',#860,.T.);
#860 = EDGE_LOOP('',(#861,#869,#870,#876,#877));
#861 = ORIENTED_EDGE('',*,*,#862,.T.);
#862 = EDGE_CURVE('',#863,#445,#865,.T.);
#863 = VERTEX_POINT('',#864);
#864 = CARTESIAN_POINT('',(6.,-7.95,75.328183294109));
#865 = LINE('',#866,#867);
#866 = CARTESIAN_POINT('',(6.,-7.95,75.328183294109));
#867 = VECTOR('',#868,1.);
#868 = DIRECTION('',(1.,0.,-2.22044604925E-16));
#869 = ORIENTED_EDGE('',*,*,#444,.T.);
#870 = ORIENTED_EDGE('',*,*,#871,.F.);
#871 = EDGE_CURVE('',#714,#447,#872,.T.);
#872 = LINE('',#873,#874);
#873 = CARTESIAN_POINT('',(6.,-5.,73.625));
#874 = VECTOR('',#875,1.);
#875 = DIRECTION('',(1.,0.,-2.22044604925E-16));
#876 = ORIENTED_EDGE('',*,*,#721,.F.);
#877 = ORIENTED_EDGE('',*,*,#878,.F.);
#878 = EDGE_CURVE('',#863,#722,#879,.T.);
#879 = LINE('',#880,#881);
#880 = CARTESIAN_POINT('',(6.,-7.95,75.328183294109));
#881 = VECTOR('',#882,1.);
#882 = DIRECTION('',(-1.110223024625E-16,0.866025403784,-0.5));
#883 = PLANE('',#884);
#884 = AXIS2_PLACEMENT_3D('',#885,#886,#887);
#885 = CARTESIAN_POINT('',(6.,-7.95,75.328183294109));
#886 = DIRECTION('',(1.922962686384E-16,0.5,0.866025403784));
#887 = DIRECTION('',(-1.110223024625E-16,0.866025403784,-0.5));
#888 = ADVANCED_FACE('',(#889),#908,.T.);
#889 = FACE_BOUND('',#890,.T.);
#890 = EDGE_LOOP('',(#891,#892,#893,#901,#907));
#891 = ORIENTED_EDGE('',*,*,#871,.T.);
#892 = ORIENTED_EDGE('',*,*,#454,.T.);
#893 = ORIENTED_EDGE('',*,*,#894,.F.);
#894 = EDGE_CURVE('',#895,#455,#897,.T.);
#895 = VERTEX_POINT('',#896);
#896 = CARTESIAN_POINT('',(6.,-2.05,75.328183294109));
#897 = LINE('',#898,#899);
#898 = CARTESIAN_POINT('',(6.,-2.05,75.328183294109));
#899 = VECTOR('',#900,1.);
#900 = DIRECTION('',(1.,0.,-2.22044604925E-16));
#901 = ORIENTED_EDGE('',*,*,#902,.F.);
#902 = EDGE_CURVE('',#706,#895,#903,.T.);
#903 = LINE('',#904,#905);
#904 = CARTESIAN_POINT('',(6.,-5.,73.625));
#905 = VECTOR('',#906,1.);
#906 = DIRECTION('',(1.110223024625E-16,0.866025403784,0.5));
#907 = ORIENTED_EDGE('',*,*,#713,.F.);
#908 = PLANE('',#909);
#909 = AXIS2_PLACEMENT_3D('',#910,#911,#912);
#910 = CARTESIAN_POINT('',(6.,-5.,73.625));
#911 = DIRECTION('',(1.922962686384E-16,-0.5,0.866025403784));
#912 = DIRECTION('',(1.110223024625E-16,0.866025403784,0.5));
#913 = ADVANCED_FACE('',(#914),#932,.T.);
#914 = FACE_BOUND('',#915,.T.);
#915 = EDGE_LOOP('',(#916,#917,#918,#926));
#916 = ORIENTED_EDGE('',*,*,#894,.T.);
#917 = ORIENTED_EDGE('',*,*,#462,.T.);
#918 = ORIENTED_EDGE('',*,*,#919,.F.);
#919 = EDGE_CURVE('',#920,#463,#922,.T.);
#920 = VERTEX_POINT('',#921);
#921 = CARTESIAN_POINT('',(6.,-2.05,81.126796883611));
#922 = LINE('',#923,#924);
#923 = CARTESIAN_POINT('',(6.,-2.05,81.126796883611));
#924 = VECTOR('',#925,1.);
#925 = DIRECTION('',(1.,0.,-2.22044604925E-16));
#926 = ORIENTED_EDGE('',*,*,#927,.F.);
#927 = EDGE_CURVE('',#895,#920,#928,.T.);
#928 = LINE('',#929,#930);
#929 = CARTESIAN_POINT('',(6.,-2.05,75.328183294109));
#930 = VECTOR('',#931,1.);
#931 = DIRECTION('',(2.22044604925E-16,-1.094764425254E-47,1.));
#932 = PLANE('',#933);
#933 = AXIS2_PLACEMENT_3D('',#934,#935,#936);
#934 = CARTESIAN_POINT('',(6.,-2.05,75.328183294109));
#935 = DIRECTION('',(0.,-1.,0.));
#936 = DIRECTION('',(2.22044604925E-16,0.,1.));
#937 = ADVANCED_FACE('',(#938),#964,.T.);
#938 = FACE_BOUND('',#939,.T.);
#939 = EDGE_LOOP('',(#940,#941,#942,#950,#958));
#940 = ORIENTED_EDGE('',*,*,#919,.T.);
#941 = ORIENTED_EDGE('',*,*,#470,.T.);
#942 = ORIENTED_EDGE('',*,*,#943,.F.);
#943 = EDGE_CURVE('',#944,#471,#946,.T.);
#944 = VERTEX_POINT('',#945);
#945 = CARTESIAN_POINT('',(6.,-5.,82.829980177721));
#946 = LINE('',#947,#948);
#947 = CARTESIAN_POINT('',(6.,-5.,82.829980177721));
#948 = VECTOR('',#949,1.);
#949 = DIRECTION('',(1.,0.,-2.22044604925E-16));
#950 = ORIENTED_EDGE('',*,*,#951,.F.);
#951 = EDGE_CURVE('',#952,#944,#954,.T.);
#952 = VERTEX_POINT('',#953);
#953 = CARTESIAN_POINT('',(6.,-3.267959806268,81.829986305622));
#954 = LINE('',#955,#956);
#955 = CARTESIAN_POINT('',(6.,-2.05,81.126796883611));
#956 = VECTOR('',#957,1.);
#957 = DIRECTION('',(1.110223024625E-16,-0.866025403784,0.5));
#958 = ORIENTED_EDGE('',*,*,#959,.F.);
#959 = EDGE_CURVE('',#920,#952,#960,.T.);
#960 = LINE('',#961,#962);
#961 = CARTESIAN_POINT('',(6.,-2.05,81.126796883611));
#962 = VECTOR('',#963,1.);
#963 = DIRECTION('',(1.110223024625E-16,-0.866025403784,0.5));
#964 = PLANE('',#965);
#965 = AXIS2_PLACEMENT_3D('',#966,#967,#968);
#966 = CARTESIAN_POINT('',(6.,-2.05,81.126796883611));
#967 = DIRECTION('',(-1.922962686384E-16,-0.5,-0.866025403784));
#968 = DIRECTION('',(1.110223024625E-16,-0.866025403784,0.5));
#969 = ADVANCED_FACE('',(#970),#996,.T.);
#970 = FACE_BOUND('',#971,.T.);
#971 = EDGE_LOOP('',(#972,#973,#974,#982,#990));
#972 = ORIENTED_EDGE('',*,*,#943,.T.);
#973 = ORIENTED_EDGE('',*,*,#478,.T.);
#974 = ORIENTED_EDGE('',*,*,#975,.F.);
#975 = EDGE_CURVE('',#976,#479,#978,.T.);
#976 = VERTEX_POINT('',#977);
#977 = CARTESIAN_POINT('',(6.,-7.95,81.126796883611));
#978 = LINE('',#979,#980);
#979 = CARTESIAN_POINT('',(6.,-7.95,81.126796883611));
#980 = VECTOR('',#981,1.);
#981 = DIRECTION('',(1.,0.,-2.22044604925E-16));
#982 = ORIENTED_EDGE('',*,*,#983,.F.);
#983 = EDGE_CURVE('',#984,#976,#986,.T.);
#984 = VERTEX_POINT('',#985);
#985 = CARTESIAN_POINT('',(6.,-6.732040193732,81.829986305622));
#986 = LINE('',#987,#988);
#987 = CARTESIAN_POINT('',(6.,-5.,82.829980177721));
#988 = VECTOR('',#989,1.);
#989 = DIRECTION('',(-1.110223024625E-16,-0.866025403784,-0.5));
#990 = ORIENTED_EDGE('',*,*,#991,.F.);
#991 = EDGE_CURVE('',#944,#984,#992,.T.);
#992 = LINE('',#993,#994);
#993 = CARTESIAN_POINT('',(6.,-5.,82.829980177721));
#994 = VECTOR('',#995,1.);
#995 = DIRECTION('',(-1.110223024625E-16,-0.866025403784,-0.5));
#996 = PLANE('',#997);
#997 = AXIS2_PLACEMENT_3D('',#998,#999,#1000);
#998 = CARTESIAN_POINT('',(6.,-5.,82.829980177721));
#999 = DIRECTION('',(-1.922962686384E-16,0.5,-0.866025403784));
#1000 = DIRECTION('',(-1.110223024625E-16,-0.866025403784,-0.5));
#1001 = ADVANCED_FACE('',(#1002),#1013,.T.);
#1002 = FACE_BOUND('',#1003,.T.);
#1003 = EDGE_LOOP('',(#1004,#1005,#1006,#1007));
#1004 = ORIENTED_EDGE('',*,*,#975,.T.);
#1005 = ORIENTED_EDGE('',*,*,#486,.T.);
#1006 = ORIENTED_EDGE('',*,*,#862,.F.);
#1007 = ORIENTED_EDGE('',*,*,#1008,.F.);
#1008 = EDGE_CURVE('',#976,#863,#1009,.T.);
#1009 = LINE('',#1010,#1011);
#1010 = CARTESIAN_POINT('',(6.,-7.95,81.126796883611));
#1011 = VECTOR('',#1012,1.);
#1012 = DIRECTION('',(-2.22044604925E-16,1.094764425254E-47,-1.));
#1013 = PLANE('',#1014);
#1014 = AXIS2_PLACEMENT_3D('',#1015,#1016,#1017);
#1015 = CARTESIAN_POINT('',(6.,-7.95,81.126796883611));
#1016 = DIRECTION('',(0.,1.,0.));
#1017 = DIRECTION('',(-2.22044604925E-16,0.,-1.));
#1018 = ADVANCED_FACE('',(#1019),#1052,.F.);
#1019 = FACE_BOUND('',#1020,.F.);
#1020 = EDGE_LOOP('',(#1021,#1029,#1030,#1038,#1046));
#1021 = ORIENTED_EDGE('',*,*,#1022,.T.);
#1022 = EDGE_CURVE('',#1023,#495,#1025,.T.);
#1023 = VERTEX_POINT('',#1024);
#1024 = CARTESIAN_POINT('',(6.,-22.94999292423,81.126772372456));
#1025 = LINE('',#1026,#1027);
#1026 = CARTESIAN_POINT('',(6.,-22.94999292423,81.126772372456));
#1027 = VECTOR('',#1028,1.);
#1028 = DIRECTION('',(1.,0.,-2.22044604925E-16));
#1029 = ORIENTED_EDGE('',*,*,#494,.T.);
#1030 = ORIENTED_EDGE('',*,*,#1031,.F.);
#1031 = EDGE_CURVE('',#1032,#497,#1034,.T.);
#1032 = VERTEX_POINT('',#1033);
#1033 = CARTESIAN_POINT('',(6.,-20.,82.829967922143));
#1034 = LINE('',#1035,#1036);
#1035 = CARTESIAN_POINT('',(6.,-20.,82.829967922143));
#1036 = VECTOR('',#1037,1.);
#1037 = DIRECTION('',(1.,0.,-2.22044604925E-16));
#1038 = ORIENTED_EDGE('',*,*,#1039,.F.);
#1039 = EDGE_CURVE('',#1040,#1032,#1042,.T.);
#1040 = VERTEX_POINT('',#1041);
#1041 = CARTESIAN_POINT('',(6.,-21.73205911637,81.82995353073));
#1042 = LINE('',#1043,#1044);
#1043 = CARTESIAN_POINT('',(6.,-22.94999292423,81.126772372456));
#1044 = VECTOR('',#1045,1.);
#1045 = DIRECTION('',(1.110231013436E-16,0.86602332656,0.50000359784));
#1046 = ORIENTED_EDGE('',*,*,#1047,.F.);
#1047 = EDGE_CURVE('',#1023,#1040,#1048,.T.);
#1048 = LINE('',#1049,#1050);
#1049 = CARTESIAN_POINT('',(6.,-22.94999292423,81.126772372456));
#1050 = VECTOR('',#1051,1.);
#1051 = DIRECTION('',(1.110231013436E-16,0.86602332656,0.50000359784));
#1052 = PLANE('',#1053);
#1053 = AXIS2_PLACEMENT_3D('',#1054,#1055,#1056);
#1054 = CARTESIAN_POINT('',(6.,-22.94999292423,81.126772372456));
#1055 = DIRECTION('',(1.92295807402E-16,-0.50000359784,0.86602332656));
#1056 = DIRECTION('',(1.110231013436E-16,0.86602332656,0.50000359784));
#1057 = ADVANCED_FACE('',(#1058),#1084,.F.);
#1058 = FACE_BOUND('',#1059,.F.);
#1059 = EDGE_LOOP('',(#1060,#1061,#1062,#1070,#1078));
#1060 = ORIENTED_EDGE('',*,*,#1031,.T.);
#1061 = ORIENTED_EDGE('',*,*,#504,.T.);
#1062 = ORIENTED_EDGE('',*,*,#1063,.F.);
#1063 = EDGE_CURVE('',#1064,#505,#1066,.T.);
#1064 = VERTEX_POINT('',#1065);
#1065 = CARTESIAN_POINT('',(6.,-17.04999292423,81.126796883611));
#1066 = LINE('',#1067,#1068);
#1067 = CARTESIAN_POINT('',(6.,-17.04999292423,81.126796883611));
#1068 = VECTOR('',#1069,1.);
#1069 = DIRECTION('',(1.,0.,-2.22044604925E-16));
#1070 = ORIENTED_EDGE('',*,*,#1071,.F.);
#1071 = EDGE_CURVE('',#1072,#1064,#1074,.T.);
#1072 = VERTEX_POINT('',#1073);
#1073 = CARTESIAN_POINT('',(6.,-18.26795750135,81.829982313487));
#1074 = LINE('',#1075,#1076);
#1075 = CARTESIAN_POINT('',(6.,-20.,82.829967922143));
#1076 = VECTOR('',#1077,1.);
#1077 = DIRECTION('',(-1.110215035796E-16,0.866027480994,-0.499996402151
    ));
#1078 = ORIENTED_EDGE('',*,*,#1079,.F.);
#1079 = EDGE_CURVE('',#1032,#1072,#1080,.T.);
#1080 = LINE('',#1081,#1082);
#1081 = CARTESIAN_POINT('',(6.,-20.,82.829967922143));
#1082 = VECTOR('',#1083,1.);
#1083 = DIRECTION('',(-1.110215035796E-16,0.866027480994,-0.499996402151
    ));
#1084 = PLANE('',#1085);
#1085 = AXIS2_PLACEMENT_3D('',#1086,#1087,#1088);
#1086 = CARTESIAN_POINT('',(6.,-20.,82.829967922143));
#1087 = DIRECTION('',(1.922967298714E-16,0.499996402151,0.866027480994)
  );
#1088 = DIRECTION('',(-1.110215035796E-16,0.866027480994,-0.499996402151
    ));
#1089 = ADVANCED_FACE('',(#1090),#1108,.F.);
#1090 = FACE_BOUND('',#1091,.F.);
#1091 = EDGE_LOOP('',(#1092,#1093,#1094,#1102));
#1092 = ORIENTED_EDGE('',*,*,#1063,.T.);
#1093 = ORIENTED_EDGE('',*,*,#512,.T.);
#1094 = ORIENTED_EDGE('',*,*,#1095,.F.);
#1095 = EDGE_CURVE('',#1096,#513,#1098,.T.);
#1096 = VERTEX_POINT('',#1097);
#1097 = CARTESIAN_POINT('',(6.,-17.04999292423,75.328183294109));
#1098 = LINE('',#1099,#1100);
#1099 = CARTESIAN_POINT('',(6.,-17.04999292423,75.328183294109));
#1100 = VECTOR('',#1101,1.);
#1101 = DIRECTION('',(1.,0.,-2.22044604925E-16));
#1102 = ORIENTED_EDGE('',*,*,#1103,.F.);
#1103 = EDGE_CURVE('',#1064,#1096,#1104,.T.);
#1104 = LINE('',#1105,#1106);
#1105 = CARTESIAN_POINT('',(6.,-17.04999292423,81.126796883611));
#1106 = VECTOR('',#1107,1.);
#1107 = DIRECTION('',(-2.22044604925E-16,1.094764425254E-47,-1.));
#1108 = PLANE('',#1109);
#1109 = AXIS2_PLACEMENT_3D('',#1110,#1111,#1112);
#1110 = CARTESIAN_POINT('',(6.,-17.04999292423,81.126796883611));
#1111 = DIRECTION('',(0.,1.,0.));
#1112 = DIRECTION('',(-2.22044604925E-16,0.,-1.));
#1113 = ADVANCED_FACE('',(#1114),#1131,.F.);
#1114 = FACE_BOUND('',#1115,.F.);
#1115 = EDGE_LOOP('',(#1116,#1117,#1118,#1124,#1125));
#1116 = ORIENTED_EDGE('',*,*,#1095,.T.);
#1117 = ORIENTED_EDGE('',*,*,#520,.T.);
#1118 = ORIENTED_EDGE('',*,*,#1119,.F.);
#1119 = EDGE_CURVE('',#594,#521,#1120,.T.);
#1120 = LINE('',#1121,#1122);
#1121 = CARTESIAN_POINT('',(6.,-19.99999292423,73.625));
#1122 = VECTOR('',#1123,1.);
#1123 = DIRECTION('',(1.,0.,-2.22044604925E-16));
#1124 = ORIENTED_EDGE('',*,*,#593,.F.);
#1125 = ORIENTED_EDGE('',*,*,#1126,.F.);
#1126 = EDGE_CURVE('',#1096,#586,#1127,.T.);
#1127 = LINE('',#1128,#1129);
#1128 = CARTESIAN_POINT('',(6.,-17.04999292423,75.328183294109));
#1129 = VECTOR('',#1130,1.);
#1130 = DIRECTION('',(-1.110223024625E-16,-0.866025403784,-0.5));
#1131 = PLANE('',#1132);
#1132 = AXIS2_PLACEMENT_3D('',#1133,#1134,#1135);
#1133 = CARTESIAN_POINT('',(6.,-17.04999292423,75.328183294109));
#1134 = DIRECTION('',(-1.922962686384E-16,0.5,-0.866025403784));
#1135 = DIRECTION('',(-1.110223024625E-16,-0.866025403784,-0.5));
#1136 = ADVANCED_FACE('',(#1137),#1156,.F.);
#1137 = FACE_BOUND('',#1138,.F.);
#1138 = EDGE_LOOP('',(#1139,#1140,#1141,#1149,#1155));
#1139 = ORIENTED_EDGE('',*,*,#1119,.T.);
#1140 = ORIENTED_EDGE('',*,*,#528,.T.);
#1141 = ORIENTED_EDGE('',*,*,#1142,.F.);
#1142 = EDGE_CURVE('',#1143,#529,#1145,.T.);
#1143 = VERTEX_POINT('',#1144);
#1144 = CARTESIAN_POINT('',(6.,-22.94999292423,75.328183294109));
#1145 = LINE('',#1146,#1147);
#1146 = CARTESIAN_POINT('',(6.,-22.94999292423,75.328183294109));
#1147 = VECTOR('',#1148,1.);
#1148 = DIRECTION('',(1.,0.,-2.22044604925E-16));
#1149 = ORIENTED_EDGE('',*,*,#1150,.F.);
#1150 = EDGE_CURVE('',#279,#1143,#1151,.T.);
#1151 = LINE('',#1152,#1153);
#1152 = CARTESIAN_POINT('',(6.,-19.99999292423,73.625));
#1153 = VECTOR('',#1154,1.);
#1154 = DIRECTION('',(1.110223024625E-16,-0.866025403784,0.5));
#1155 = ORIENTED_EDGE('',*,*,#601,.F.);
#1156 = PLANE('',#1157);
#1157 = AXIS2_PLACEMENT_3D('',#1158,#1159,#1160);
#1158 = CARTESIAN_POINT('',(6.,-19.99999292423,73.625));
#1159 = DIRECTION('',(-1.922962686384E-16,-0.5,-0.866025403784));
#1160 = DIRECTION('',(1.110223024625E-16,-0.866025403784,0.5));
#1161 = ADVANCED_FACE('',(#1162),#1173,.F.);
#1162 = FACE_BOUND('',#1163,.F.);
#1163 = EDGE_LOOP('',(#1164,#1165,#1166,#1167));
#1164 = ORIENTED_EDGE('',*,*,#1142,.T.);
#1165 = ORIENTED_EDGE('',*,*,#536,.T.);
#1166 = ORIENTED_EDGE('',*,*,#1022,.F.);
#1167 = ORIENTED_EDGE('',*,*,#1168,.F.);
#1168 = EDGE_CURVE('',#1143,#1023,#1169,.T.);
#1169 = LINE('',#1170,#1171);
#1170 = CARTESIAN_POINT('',(6.,-22.94999292423,75.328183294109));
#1171 = VECTOR('',#1172,1.);
#1172 = DIRECTION('',(2.22044604925E-16,-1.094764425254E-47,1.));
#1173 = PLANE('',#1174);
#1174 = AXIS2_PLACEMENT_3D('',#1175,#1176,#1177);
#1175 = CARTESIAN_POINT('',(6.,-22.94999292423,75.328183294109));
#1176 = DIRECTION('',(0.,-1.,0.));
#1177 = DIRECTION('',(2.22044604925E-16,0.,1.));
#1178 = ADVANCED_FACE('',(#1179),#1198,.F.);
#1179 = FACE_BOUND('',#1180,.F.);
#1180 = EDGE_LOOP('',(#1181,#1182,#1188,#1189,#1196,#1197));
#1181 = ORIENTED_EDGE('',*,*,#107,.F.);
#1182 = ORIENTED_EDGE('',*,*,#1183,.T.);
#1183 = EDGE_CURVE('',#108,#665,#1184,.T.);
#1184 = LINE('',#1185,#1186);
#1185 = CARTESIAN_POINT('',(3.,-18.,70.829967922143));
#1186 = VECTOR('',#1187,1.);
#1187 = DIRECTION('',(1.,0.,2.2E-16));
#1188 = ORIENTED_EDGE('',*,*,#672,.T.);
#1189 = ORIENTED_EDGE('',*,*,#1190,.T.);
#1190 = EDGE_CURVE('',#673,#560,#1191,.T.);
#1191 = CIRCLE('',#1192,2.);
#1192 = AXIS2_PLACEMENT_3D('',#1193,#1194,#1195);
#1193 = CARTESIAN_POINT('',(6.,-20.,70.829967922143));
#1194 = DIRECTION('',(-1.,0.,-2.2E-16));
#1195 = DIRECTION('',(2.2E-16,-2.2E-16,-1.));
#1196 = ORIENTED_EDGE('',*,*,#567,.T.);
#1197 = ORIENTED_EDGE('',*,*,#302,.F.);
#1198 = CYLINDRICAL_SURFACE('',#1199,2.);
#1199 = AXIS2_PLACEMENT_3D('',#1200,#1201,#1202);
#1200 = CARTESIAN_POINT('',(3.,-20.,70.829967922143));
#1201 = DIRECTION('',(-1.,0.,-2.2E-16));
#1202 = DIRECTION('',(2.2E-16,-2.2E-16,-1.));
#1203 = ADVANCED_FACE('',(#1204),#1224,.F.);
#1204 = FACE_BOUND('',#1205,.F.);
#1205 = EDGE_LOOP('',(#1206,#1207,#1215,#1221,#1222,#1223));
#1206 = ORIENTED_EDGE('',*,*,#116,.F.);
#1207 = ORIENTED_EDGE('',*,*,#1208,.T.);
#1208 = EDGE_CURVE('',#91,#1209,#1211,.T.);
#1209 = VERTEX_POINT('',#1210);
#1210 = CARTESIAN_POINT('',(6.,-18.,80.829967922143));
#1211 = LINE('',#1212,#1213);
#1212 = CARTESIAN_POINT('',(3.,-18.,80.829967922143));
#1213 = VECTOR('',#1214,1.);
#1214 = DIRECTION('',(1.,0.,2.2E-16));
#1215 = ORIENTED_EDGE('',*,*,#1216,.T.);
#1216 = EDGE_CURVE('',#1209,#586,#1217,.T.);
#1217 = LINE('',#1218,#1219);
#1218 = CARTESIAN_POINT('',(6.,-18.,82.829967922143));
#1219 = VECTOR('',#1220,1.);
#1220 = DIRECTION('',(0.,-2.2E-16,-1.));
#1221 = ORIENTED_EDGE('',*,*,#585,.T.);
#1222 = ORIENTED_EDGE('',*,*,#664,.T.);
#1223 = ORIENTED_EDGE('',*,*,#1183,.F.);
#1224 = PLANE('',#1225);
#1225 = AXIS2_PLACEMENT_3D('',#1226,#1227,#1228);
#1226 = CARTESIAN_POINT('',(3.,-18.,80.829967922143));
#1227 = DIRECTION('',(0.,1.,-2.2E-16));
#1228 = DIRECTION('',(2.2E-16,-2.2E-16,-1.));
#1229 = ADVANCED_FACE('',(#1230),#1254,.F.);
#1230 = FACE_BOUND('',#1231,.F.);
#1231 = EDGE_LOOP('',(#1232,#1233,#1239,#1240,#1247,#1248));
#1232 = ORIENTED_EDGE('',*,*,#143,.F.);
#1233 = ORIENTED_EDGE('',*,*,#1234,.T.);
#1234 = EDGE_CURVE('',#144,#625,#1235,.T.);
#1235 = LINE('',#1236,#1237);
#1236 = CARTESIAN_POINT('',(3.,-3.,70.829967922143));
#1237 = VECTOR('',#1238,1.);
#1238 = DIRECTION('',(1.,0.,2.2E-16));
#1239 = ORIENTED_EDGE('',*,*,#632,.T.);
#1240 = ORIENTED_EDGE('',*,*,#1241,.T.);
#1241 = EDGE_CURVE('',#633,#682,#1242,.T.);
#1242 = CIRCLE('',#1243,2.);
#1243 = AXIS2_PLACEMENT_3D('',#1244,#1245,#1246);
#1244 = CARTESIAN_POINT('',(6.,-5.,70.829967922143));
#1245 = DIRECTION('',(-1.,0.,-2.2E-16));
#1246 = DIRECTION('',(2.2E-16,-2.2E-16,-1.));
#1247 = ORIENTED_EDGE('',*,*,#689,.T.);
#1248 = ORIENTED_EDGE('',*,*,#1249,.F.);
#1249 = EDGE_CURVE('',#136,#656,#1250,.T.);
#1250 = LINE('',#1251,#1252);
#1251 = CARTESIAN_POINT('',(3.,-7.,70.829967922143));
#1252 = VECTOR('',#1253,1.);
#1253 = DIRECTION('',(1.,0.,2.2E-16));
#1254 = CYLINDRICAL_SURFACE('',#1255,2.);
#1255 = AXIS2_PLACEMENT_3D('',#1256,#1257,#1258);
#1256 = CARTESIAN_POINT('',(3.,-5.,70.829967922143));
#1257 = DIRECTION('',(-1.,0.,-2.2E-16));
#1258 = DIRECTION('',(2.2E-16,-2.2E-16,-1.));
#1259 = ADVANCED_FACE('',(#1260),#1280,.F.);
#1260 = FACE_BOUND('',#1261,.F.);
#1261 = EDGE_LOOP('',(#1262,#1263,#1271,#1277,#1278,#1279));
#1262 = ORIENTED_EDGE('',*,*,#152,.F.);
#1263 = ORIENTED_EDGE('',*,*,#1264,.T.);
#1264 = EDGE_CURVE('',#127,#1265,#1267,.T.);
#1265 = VERTEX_POINT('',#1266);
#1266 = CARTESIAN_POINT('',(6.,-3.,80.829967922143));
#1267 = LINE('',#1268,#1269);
#1268 = CARTESIAN_POINT('',(3.,-3.,80.829967922143));
#1269 = VECTOR('',#1270,1.);
#1270 = DIRECTION('',(1.,0.,2.2E-16));
#1271 = ORIENTED_EDGE('',*,*,#1272,.T.);
#1272 = EDGE_CURVE('',#1265,#706,#1273,.T.);
#1273 = LINE('',#1274,#1275);
#1274 = CARTESIAN_POINT('',(6.,-3.,82.829967922143));
#1275 = VECTOR('',#1276,1.);
#1276 = DIRECTION('',(0.,-2.2E-16,-1.));
#1277 = ORIENTED_EDGE('',*,*,#705,.T.);
#1278 = ORIENTED_EDGE('',*,*,#624,.T.);
#1279 = ORIENTED_EDGE('',*,*,#1234,.F.);
#1280 = PLANE('',#1281);
#1281 = AXIS2_PLACEMENT_3D('',#1282,#1283,#1284);
#1282 = CARTESIAN_POINT('',(3.,-3.,80.829967922143));
#1283 = DIRECTION('',(0.,1.,-2.2E-16));
#1284 = DIRECTION('',(2.2E-16,-2.2E-16,-1.));
#1285 = ADVANCED_FACE('',(#1286),#1306,.T.);
#1286 = FACE_BOUND('',#1287,.T.);
#1287 = EDGE_LOOP('',(#1288,#1289,#1297,#1303,#1304,#1305));
#1288 = ORIENTED_EDGE('',*,*,#135,.F.);
#1289 = ORIENTED_EDGE('',*,*,#1290,.T.);
#1290 = EDGE_CURVE('',#125,#1291,#1293,.T.);
#1291 = VERTEX_POINT('',#1292);
#1292 = CARTESIAN_POINT('',(6.,-7.,80.829967922143));
#1293 = LINE('',#1294,#1295);
#1294 = CARTESIAN_POINT('',(3.,-7.,80.829967922143));
#1295 = VECTOR('',#1296,1.);
#1296 = DIRECTION('',(1.,0.,2.2E-16));
#1297 = ORIENTED_EDGE('',*,*,#1298,.T.);
#1298 = EDGE_CURVE('',#1291,#722,#1299,.T.);
#1299 = LINE('',#1300,#1301);
#1300 = CARTESIAN_POINT('',(6.,-7.,82.829967922143));
#1301 = VECTOR('',#1302,1.);
#1302 = DIRECTION('',(0.,-2.2E-16,-1.));
#1303 = ORIENTED_EDGE('',*,*,#729,.T.);
#1304 = ORIENTED_EDGE('',*,*,#655,.T.);
#1305 = ORIENTED_EDGE('',*,*,#1249,.F.);
#1306 = PLANE('',#1307);
#1307 = AXIS2_PLACEMENT_3D('',#1308,#1309,#1310);
#1308 = CARTESIAN_POINT('',(3.,-7.,80.829967922143));
#1309 = DIRECTION('',(0.,1.,-2.2E-16));
#1310 = DIRECTION('',(2.2E-16,-2.2E-16,-1.));
#1311 = ADVANCED_FACE('',(#1312),#1345,.F.);
#1312 = FACE_BOUND('',#1313,.F.);
#1313 = EDGE_LOOP('',(#1314,#1315,#1316,#1323,#1330,#1337,#1344));
#1314 = ORIENTED_EDGE('',*,*,#88,.F.);
#1315 = ORIENTED_EDGE('',*,*,#270,.T.);
#1316 = ORIENTED_EDGE('',*,*,#1317,.T.);
#1317 = EDGE_CURVE('',#271,#1040,#1318,.T.);
#1318 = CIRCLE('',#1319,2.);
#1319 = AXIS2_PLACEMENT_3D('',#1320,#1321,#1322);
#1320 = CARTESIAN_POINT('',(6.,-20.,80.829967922143));
#1321 = DIRECTION('',(-1.,0.,-2.2E-16));
#1322 = DIRECTION('',(2.2E-16,-2.2E-16,-1.));
#1323 = ORIENTED_EDGE('',*,*,#1324,.T.);
#1324 = EDGE_CURVE('',#1040,#1032,#1325,.T.);
#1325 = CIRCLE('',#1326,2.);
#1326 = AXIS2_PLACEMENT_3D('',#1327,#1328,#1329);
#1327 = CARTESIAN_POINT('',(6.,-20.,80.829967922143));
#1328 = DIRECTION('',(-1.,0.,-2.2E-16));
#1329 = DIRECTION('',(2.2E-16,-2.2E-16,-1.));
#1330 = ORIENTED_EDGE('',*,*,#1331,.T.);
#1331 = EDGE_CURVE('',#1032,#1072,#1332,.T.);
#1332 = CIRCLE('',#1333,2.);
#1333 = AXIS2_PLACEMENT_3D('',#1334,#1335,#1336);
#1334 = CARTESIAN_POINT('',(6.,-20.,80.829967922143));
#1335 = DIRECTION('',(-1.,0.,-2.2E-16));
#1336 = DIRECTION('',(2.2E-16,-2.2E-16,-1.));
#1337 = ORIENTED_EDGE('',*,*,#1338,.T.);
#1338 = EDGE_CURVE('',#1072,#1209,#1339,.T.);
#1339 = CIRCLE('',#1340,2.);
#1340 = AXIS2_PLACEMENT_3D('',#1341,#1342,#1343);
#1341 = CARTESIAN_POINT('',(6.,-20.,80.829967922143));
#1342 = DIRECTION('',(-1.,0.,-2.2E-16));
#1343 = DIRECTION('',(2.2E-16,-2.2E-16,-1.));
#1344 = ORIENTED_EDGE('',*,*,#1208,.F.);
#1345 = CYLINDRICAL_SURFACE('',#1346,2.);
#1346 = AXIS2_PLACEMENT_3D('',#1347,#1348,#1349);
#1347 = CARTESIAN_POINT('',(3.,-20.,80.829967922143));
#1348 = DIRECTION('',(-1.,0.,-2.2E-16));
#1349 = DIRECTION('',(2.2E-16,-2.2E-16,-1.));
#1350 = ADVANCED_FACE('',(#1351),#1384,.F.);
#1351 = FACE_BOUND('',#1352,.F.);
#1352 = EDGE_LOOP('',(#1353,#1354,#1355,#1362,#1369,#1376,#1383));
#1353 = ORIENTED_EDGE('',*,*,#124,.F.);
#1354 = ORIENTED_EDGE('',*,*,#1290,.T.);
#1355 = ORIENTED_EDGE('',*,*,#1356,.T.);
#1356 = EDGE_CURVE('',#1291,#984,#1357,.T.);
#1357 = CIRCLE('',#1358,2.);
#1358 = AXIS2_PLACEMENT_3D('',#1359,#1360,#1361);
#1359 = CARTESIAN_POINT('',(6.,-5.,80.829967922143));
#1360 = DIRECTION('',(-1.,0.,-2.2E-16));
#1361 = DIRECTION('',(2.2E-16,-2.2E-16,-1.));
#1362 = ORIENTED_EDGE('',*,*,#1363,.T.);
#1363 = EDGE_CURVE('',#984,#944,#1364,.T.);
#1364 = CIRCLE('',#1365,2.);
#1365 = AXIS2_PLACEMENT_3D('',#1366,#1367,#1368);
#1366 = CARTESIAN_POINT('',(6.,-5.,80.829967922143));
#1367 = DIRECTION('',(-1.,0.,-2.2E-16));
#1368 = DIRECTION('',(2.2E-16,-2.2E-16,-1.));
#1369 = ORIENTED_EDGE('',*,*,#1370,.T.);
#1370 = EDGE_CURVE('',#944,#952,#1371,.T.);
#1371 = CIRCLE('',#1372,2.);
#1372 = AXIS2_PLACEMENT_3D('',#1373,#1374,#1375);
#1373 = CARTESIAN_POINT('',(6.,-5.,80.829967922143));
#1374 = DIRECTION('',(-1.,0.,-2.2E-16));
#1375 = DIRECTION('',(2.2E-16,-2.2E-16,-1.));
#1376 = ORIENTED_EDGE('',*,*,#1377,.T.);
#1377 = EDGE_CURVE('',#952,#1265,#1378,.T.);
#1378 = CIRCLE('',#1379,2.);
#1379 = AXIS2_PLACEMENT_3D('',#1380,#1381,#1382);
#1380 = CARTESIAN_POINT('',(6.,-5.,80.829967922143));
#1381 = DIRECTION('',(-1.,0.,-2.2E-16));
#1382 = DIRECTION('',(2.2E-16,-2.2E-16,-1.));
#1383 = ORIENTED_EDGE('',*,*,#1264,.F.);
#1384 = CYLINDRICAL_SURFACE('',#1385,2.);
#1385 = AXIS2_PLACEMENT_3D('',#1386,#1387,#1388);
#1386 = CARTESIAN_POINT('',(3.,-5.,80.829967922143));
#1387 = DIRECTION('',(-1.,0.,-2.2E-16));
#1388 = DIRECTION('',(2.2E-16,-2.2E-16,-1.));
#1389 = ADVANCED_FACE('',(#1390),#1400,.F.);
#1390 = FACE_BOUND('',#1391,.F.);
#1391 = EDGE_LOOP('',(#1392,#1399));
#1392 = ORIENTED_EDGE('',*,*,#1393,.F.);
#1393 = EDGE_CURVE('',#754,#746,#1394,.T.);
#1394 = CIRCLE('',#1395,2.);
#1395 = AXIS2_PLACEMENT_3D('',#1396,#1397,#1398);
#1396 = CARTESIAN_POINT('',(6.,-5.,44.670032077857));
#1397 = DIRECTION('',(-1.,0.,-2.2E-16));
#1398 = DIRECTION('',(2.2E-16,-2.2E-16,-1.));
#1399 = ORIENTED_EDGE('',*,*,#753,.F.);
#1400 = PLANE('',#1401);
#1401 = AXIS2_PLACEMENT_3D('',#1402,#1403,#1404);
#1402 = CARTESIAN_POINT('',(6.,3.767E-14,84.829967922143));
#1403 = DIRECTION('',(1.,0.,0.));
#1404 = DIRECTION('',(0.,-4.4E-16,-1.));
#1405 = ADVANCED_FACE('',(#1406),#1449,.F.);
#1406 = FACE_BOUND('',#1407,.F.);
#1407 = EDGE_LOOP('',(#1408,#1418,#1426,#1434,#1441,#1442));
#1408 = ORIENTED_EDGE('',*,*,#1409,.T.);
#1409 = EDGE_CURVE('',#1410,#1412,#1414,.T.);
#1410 = VERTEX_POINT('',#1411);
#1411 = CARTESIAN_POINT('',(6.,-7.,44.670032077857));
#1412 = VERTEX_POINT('',#1413);
#1413 = CARTESIAN_POINT('',(6.,-7.,43.375));
#1414 = LINE('',#1415,#1416);
#1415 = CARTESIAN_POINT('',(6.,-7.,64.75));
#1416 = VECTOR('',#1417,1.);
#1417 = DIRECTION('',(0.,-2.2E-16,-1.));
#1418 = ORIENTED_EDGE('',*,*,#1419,.T.);
#1419 = EDGE_CURVE('',#1412,#1420,#1422,.T.);
#1420 = VERTEX_POINT('',#1421);
#1421 = CARTESIAN_POINT('',(6.,-18.,43.375));
#1422 = LINE('',#1423,#1424);
#1423 = CARTESIAN_POINT('',(6.,1.42108547152E-14,43.375));
#1424 = VECTOR('',#1425,1.);
#1425 = DIRECTION('',(0.,-1.,1.094764425254E-47));
#1426 = ORIENTED_EDGE('',*,*,#1427,.F.);
#1427 = EDGE_CURVE('',#1428,#1420,#1430,.T.);
#1428 = VERTEX_POINT('',#1429);
#1429 = CARTESIAN_POINT('',(6.,-18.,44.670032077857));
#1430 = LINE('',#1431,#1432);
#1431 = CARTESIAN_POINT('',(6.,-18.,64.75));
#1432 = VECTOR('',#1433,1.);
#1433 = DIRECTION('',(0.,-2.2E-16,-1.));
#1434 = ORIENTED_EDGE('',*,*,#1435,.F.);
#1435 = EDGE_CURVE('',#762,#1428,#1436,.T.);
#1436 = CIRCLE('',#1437,2.);
#1437 = AXIS2_PLACEMENT_3D('',#1438,#1439,#1440);
#1438 = CARTESIAN_POINT('',(6.,-20.,44.670032077857));
#1439 = DIRECTION('',(-1.,0.,-2.2E-16));
#1440 = DIRECTION('',(2.2E-16,-2.2E-16,-1.));
#1441 = ORIENTED_EDGE('',*,*,#761,.F.);
#1442 = ORIENTED_EDGE('',*,*,#1443,.F.);
#1443 = EDGE_CURVE('',#1410,#754,#1444,.T.);
#1444 = CIRCLE('',#1445,2.);
#1445 = AXIS2_PLACEMENT_3D('',#1446,#1447,#1448);
#1446 = CARTESIAN_POINT('',(6.,-5.,44.670032077857));
#1447 = DIRECTION('',(-1.,0.,-2.2E-16));
#1448 = DIRECTION('',(2.2E-16,-2.2E-16,-1.));
#1449 = PLANE('',#1450);
#1450 = AXIS2_PLACEMENT_3D('',#1451,#1452,#1453);
#1451 = CARTESIAN_POINT('',(6.,1.362E-14,30.670032077857));
#1452 = DIRECTION('',(-1.,0.,0.));
#1453 = DIRECTION('',(0.,4.4E-16,1.));
#1454 = ADVANCED_FACE('',(#1455),#1465,.F.);
#1455 = FACE_BOUND('',#1456,.F.);
#1456 = EDGE_LOOP('',(#1457,#1464));
#1457 = ORIENTED_EDGE('',*,*,#1458,.F.);
#1458 = EDGE_CURVE('',#770,#762,#1459,.T.);
#1459 = CIRCLE('',#1460,2.);
#1460 = AXIS2_PLACEMENT_3D('',#1461,#1462,#1463);
#1461 = CARTESIAN_POINT('',(6.,-20.,44.670032077857));
#1462 = DIRECTION('',(-1.,0.,-2.2E-16));
#1463 = DIRECTION('',(2.2E-16,-2.2E-16,-1.));
#1464 = ORIENTED_EDGE('',*,*,#769,.F.);
#1465 = PLANE('',#1466);
#1466 = AXIS2_PLACEMENT_3D('',#1467,#1468,#1469);
#1467 = CARTESIAN_POINT('',(6.,3.767E-14,84.829967922143));
#1468 = DIRECTION('',(1.,0.,0.));
#1469 = DIRECTION('',(0.,-4.4E-16,-1.));
#1470 = ADVANCED_FACE('',(#1471),#1505,.F.);
#1471 = FACE_BOUND('',#1472,.F.);
#1472 = EDGE_LOOP('',(#1473,#1483,#1489,#1490,#1499));
#1473 = ORIENTED_EDGE('',*,*,#1474,.T.);
#1474 = EDGE_CURVE('',#1475,#1477,#1479,.T.);
#1475 = VERTEX_POINT('',#1476);
#1476 = CARTESIAN_POINT('',(6.,-22.,43.375));
#1477 = VERTEX_POINT('',#1478);
#1478 = CARTESIAN_POINT('',(6.,-25.,43.375));
#1479 = LINE('',#1480,#1481);
#1480 = CARTESIAN_POINT('',(6.,1.42108547152E-14,43.375));
#1481 = VECTOR('',#1482,1.);
#1482 = DIRECTION('',(0.,-1.,1.094764425254E-47));
#1483 = ORIENTED_EDGE('',*,*,#1484,.T.);
#1484 = EDGE_CURVE('',#1477,#778,#1485,.T.);
#1485 = LINE('',#1486,#1487);
#1486 = CARTESIAN_POINT('',(6.,-25.,30.670032077857));
#1487 = VECTOR('',#1488,1.);
#1488 = DIRECTION('',(0.,0.,1.));
#1489 = ORIENTED_EDGE('',*,*,#777,.F.);
#1490 = ORIENTED_EDGE('',*,*,#1491,.F.);
#1491 = EDGE_CURVE('',#1492,#770,#1494,.T.);
#1492 = VERTEX_POINT('',#1493);
#1493 = CARTESIAN_POINT('',(6.,-22.,44.670032077857));
#1494 = CIRCLE('',#1495,2.);
#1495 = AXIS2_PLACEMENT_3D('',#1496,#1497,#1498);
#1496 = CARTESIAN_POINT('',(6.,-20.,44.670032077857));
#1497 = DIRECTION('',(-1.,0.,-2.2E-16));
#1498 = DIRECTION('',(2.2E-16,-2.2E-16,-1.));
#1499 = ORIENTED_EDGE('',*,*,#1500,.T.);
#1500 = EDGE_CURVE('',#1492,#1475,#1501,.T.);
#1501 = LINE('',#1502,#1503);
#1502 = CARTESIAN_POINT('',(6.,-22.,64.75));
#1503 = VECTOR('',#1504,1.);
#1504 = DIRECTION('',(0.,-2.2E-16,-1.));
#1505 = PLANE('',#1506);
#1506 = AXIS2_PLACEMENT_3D('',#1507,#1508,#1509);
#1507 = CARTESIAN_POINT('',(6.,1.362E-14,30.670032077857));
#1508 = DIRECTION('',(-1.,0.,0.));
#1509 = DIRECTION('',(0.,4.4E-16,1.));
#1510 = ADVANCED_FACE('',(#1511),#1515,.F.);
#1511 = FACE_BOUND('',#1512,.F.);
#1512 = EDGE_LOOP('',(#1513,#1514));
#1513 = ORIENTED_EDGE('',*,*,#800,.T.);
#1514 = ORIENTED_EDGE('',*,*,#1241,.F.);
#1515 = PLANE('',#1516);
#1516 = AXIS2_PLACEMENT_3D('',#1517,#1518,#1519);
#1517 = CARTESIAN_POINT('',(6.,3.767E-14,84.829967922143));
#1518 = DIRECTION('',(1.,0.,0.));
#1519 = DIRECTION('',(0.,-4.4E-16,-1.));
#1520 = ADVANCED_FACE('',(#1521),#1525,.F.);
#1521 = FACE_BOUND('',#1522,.F.);
#1522 = EDGE_LOOP('',(#1523,#1524));
#1523 = ORIENTED_EDGE('',*,*,#793,.T.);
#1524 = ORIENTED_EDGE('',*,*,#1190,.F.);
#1525 = PLANE('',#1526);
#1526 = AXIS2_PLACEMENT_3D('',#1527,#1528,#1529);
#1527 = CARTESIAN_POINT('',(6.,3.767E-14,84.829967922143));
#1528 = DIRECTION('',(1.,0.,0.));
#1529 = DIRECTION('',(0.,-4.4E-16,-1.));
#1530 = ADVANCED_FACE('',(#1531),#1570,.F.);
#1531 = FACE_BOUND('',#1532,.F.);
#1532 = EDGE_LOOP('',(#1533,#1541,#1549,#1555,#1556,#1562,#1563,#1569));
#1533 = ORIENTED_EDGE('',*,*,#1534,.T.);
#1534 = EDGE_CURVE('',#823,#1535,#1537,.T.);
#1535 = VERTEX_POINT('',#1536);
#1536 = CARTESIAN_POINT('',(7.6,1.42108547152E-14,43.375));
#1537 = LINE('',#1538,#1539);
#1538 = CARTESIAN_POINT('',(6.,1.42108547152E-14,43.375));
#1539 = VECTOR('',#1540,1.);
#1540 = DIRECTION('',(1.,0.,-2.22044604925E-16));
#1541 = ORIENTED_EDGE('',*,*,#1542,.T.);
#1542 = EDGE_CURVE('',#1535,#1543,#1545,.T.);
#1543 = VERTEX_POINT('',#1544);
#1544 = CARTESIAN_POINT('',(7.6,-25.,43.375));
#1545 = LINE('',#1546,#1547);
#1546 = CARTESIAN_POINT('',(7.6,1.434963259328E-14,43.375));
#1547 = VECTOR('',#1548,1.);
#1548 = DIRECTION('',(0.,-1.,0.));
#1549 = ORIENTED_EDGE('',*,*,#1550,.F.);
#1550 = EDGE_CURVE('',#1477,#1543,#1551,.T.);
#1551 = LINE('',#1552,#1553);
#1552 = CARTESIAN_POINT('',(6.,-25.,43.375));
#1553 = VECTOR('',#1554,1.);
#1554 = DIRECTION('',(1.,0.,-2.22044604925E-16));
#1555 = ORIENTED_EDGE('',*,*,#1474,.F.);
#1556 = ORIENTED_EDGE('',*,*,#1557,.F.);
#1557 = EDGE_CURVE('',#1420,#1475,#1558,.T.);
#1558 = LINE('',#1559,#1560);
#1559 = CARTESIAN_POINT('',(6.,1.42108547152E-14,43.375));
#1560 = VECTOR('',#1561,1.);
#1561 = DIRECTION('',(0.,-1.,1.094764425254E-47));
#1562 = ORIENTED_EDGE('',*,*,#1419,.F.);
#1563 = ORIENTED_EDGE('',*,*,#1564,.F.);
#1564 = EDGE_CURVE('',#831,#1412,#1565,.T.);
#1565 = LINE('',#1566,#1567);
#1566 = CARTESIAN_POINT('',(6.,1.42108547152E-14,43.375));
#1567 = VECTOR('',#1568,1.);
#1568 = DIRECTION('',(0.,-1.,1.094764425254E-47));
#1569 = ORIENTED_EDGE('',*,*,#830,.F.);
#1570 = PLANE('',#1571);
#1571 = AXIS2_PLACEMENT_3D('',#1572,#1573,#1574);
#1572 = CARTESIAN_POINT('',(6.,1.42108547152E-14,43.375));
#1573 = DIRECTION('',(-2.22044604925E-16,0.,-1.));
#1574 = DIRECTION('',(0.,-1.,0.));
#1575 = ADVANCED_FACE('',(#1576),#1603,.T.);
#1576 = FACE_BOUND('',#1577,.F.);
#1577 = EDGE_LOOP('',(#1578,#1587,#1595,#1602));
#1578 = ORIENTED_EDGE('',*,*,#1579,.T.);
#1579 = EDGE_CURVE('',#1535,#1580,#1582,.T.);
#1580 = VERTEX_POINT('',#1581);
#1581 = CARTESIAN_POINT('',(9.,1.434963259328E-14,41.975));
#1582 = CIRCLE('',#1583,1.4);
#1583 = AXIS2_PLACEMENT_3D('',#1584,#1585,#1586);
#1584 = CARTESIAN_POINT('',(7.6,1.42108547152E-14,41.975));
#1585 = DIRECTION('',(0.,1.,0.));
#1586 = DIRECTION('',(0.,0.,-1.));
#1587 = ORIENTED_EDGE('',*,*,#1588,.T.);
#1588 = EDGE_CURVE('',#1580,#1589,#1591,.T.);
#1589 = VERTEX_POINT('',#1590);
#1590 = CARTESIAN_POINT('',(9.,-25.,41.975));
#1591 = LINE('',#1592,#1593);
#1592 = CARTESIAN_POINT('',(9.,1.434963259328E-14,41.975));
#1593 = VECTOR('',#1594,1.);
#1594 = DIRECTION('',(0.,-1.,0.));
#1595 = ORIENTED_EDGE('',*,*,#1596,.F.);
#1596 = EDGE_CURVE('',#1543,#1589,#1597,.T.);
#1597 = CIRCLE('',#1598,1.4);
#1598 = AXIS2_PLACEMENT_3D('',#1599,#1600,#1601);
#1599 = CARTESIAN_POINT('',(7.6,-25.,41.975));
#1600 = DIRECTION('',(0.,1.,0.));
#1601 = DIRECTION('',(0.,0.,-1.));
#1602 = ORIENTED_EDGE('',*,*,#1542,.F.);
#1603 = CYLINDRICAL_SURFACE('',#1604,1.4);
#1604 = AXIS2_PLACEMENT_3D('',#1605,#1606,#1607);
#1605 = CARTESIAN_POINT('',(7.6,1.434963259328E-14,41.975));
#1606 = DIRECTION('',(0.,-1.,0.));
#1607 = DIRECTION('',(2.22044604925E-16,0.,1.));
#1608 = ADVANCED_FACE('',(#1609,#1634,#1684),#1734,.T.);
#1609 = FACE_BOUND('',#1610,.T.);
#1610 = EDGE_LOOP('',(#1611,#1619,#1620,#1628));
#1611 = ORIENTED_EDGE('',*,*,#1612,.T.);
#1612 = EDGE_CURVE('',#1613,#1580,#1615,.T.);
#1613 = VERTEX_POINT('',#1614);
#1614 = CARTESIAN_POINT('',(9.,1.42108547152E-14,30.670032077857));
#1615 = LINE('',#1616,#1617);
#1616 = CARTESIAN_POINT('',(9.,1.42108547152E-14,30.670032077857));
#1617 = VECTOR('',#1618,1.);
#1618 = DIRECTION('',(2.22044604925E-16,-1.094764425254E-47,1.));
#1619 = ORIENTED_EDGE('',*,*,#1588,.T.);
#1620 = ORIENTED_EDGE('',*,*,#1621,.T.);
#1621 = EDGE_CURVE('',#1589,#1622,#1624,.T.);
#1622 = VERTEX_POINT('',#1623);
#1623 = CARTESIAN_POINT('',(9.,-25.,30.670032077857));
#1624 = LINE('',#1625,#1626);
#1625 = CARTESIAN_POINT('',(9.,-25.,43.375));
#1626 = VECTOR('',#1627,1.);
#1627 = DIRECTION('',(-2.22044604925E-16,1.094764425254E-47,-1.));
#1628 = ORIENTED_EDGE('',*,*,#1629,.T.);
#1629 = EDGE_CURVE('',#1622,#1613,#1630,.T.);
#1630 = LINE('',#1631,#1632);
#1631 = CARTESIAN_POINT('',(9.,-25.,30.670032077857));
#1632 = VECTOR('',#1633,1.);
#1633 = DIRECTION('',(0.,1.,-1.094764425254E-47));
#1634 = FACE_BOUND('',#1635,.T.);
#1635 = EDGE_LOOP('',(#1636,#1646,#1654,#1662,#1670,#1678));
#1636 = ORIENTED_EDGE('',*,*,#1637,.T.);
#1637 = EDGE_CURVE('',#1638,#1640,#1642,.T.);
#1638 = VERTEX_POINT('',#1639);
#1639 = CARTESIAN_POINT('',(9.,-5.,32.670032077857));
#1640 = VERTEX_POINT('',#1641);
#1641 = CARTESIAN_POINT('',(9.,-7.95,34.373215371967));
#1642 = LINE('',#1643,#1644);
#1643 = CARTESIAN_POINT('',(9.,-5.,32.670032077857));
#1644 = VECTOR('',#1645,1.);
#1645 = DIRECTION('',(1.110223024625E-16,-0.866025403784,0.5));
#1646 = ORIENTED_EDGE('',*,*,#1647,.T.);
#1647 = EDGE_CURVE('',#1640,#1648,#1650,.T.);
#1648 = VERTEX_POINT('',#1649);
#1649 = CARTESIAN_POINT('',(9.,-7.95,40.171828961468));
#1650 = LINE('',#1651,#1652);
#1651 = CARTESIAN_POINT('',(9.,-7.95,34.373215371967));
#1652 = VECTOR('',#1653,1.);
#1653 = DIRECTION('',(2.22044604925E-16,-1.094764425254E-47,1.));
#1654 = ORIENTED_EDGE('',*,*,#1655,.T.);
#1655 = EDGE_CURVE('',#1648,#1656,#1658,.T.);
#1656 = VERTEX_POINT('',#1657);
#1657 = CARTESIAN_POINT('',(9.,-5.,41.875012255578));
#1658 = LINE('',#1659,#1660);
#1659 = CARTESIAN_POINT('',(9.,-7.95,40.171828961468));
#1660 = VECTOR('',#1661,1.);
#1661 = DIRECTION('',(1.110223024625E-16,0.866025403784,0.5));
#1662 = ORIENTED_EDGE('',*,*,#1663,.T.);
#1663 = EDGE_CURVE('',#1656,#1664,#1666,.T.);
#1664 = VERTEX_POINT('',#1665);
#1665 = CARTESIAN_POINT('',(9.,-2.05,40.171828961468));
#1666 = LINE('',#1667,#1668);
#1667 = CARTESIAN_POINT('',(9.,-5.,41.875012255578));
#1668 = VECTOR('',#1669,1.);
#1669 = DIRECTION('',(-1.110223024625E-16,0.866025403784,-0.5));
#1670 = ORIENTED_EDGE('',*,*,#1671,.T.);
#1671 = EDGE_CURVE('',#1664,#1672,#1674,.T.);
#1672 = VERTEX_POINT('',#1673);
#1673 = CARTESIAN_POINT('',(9.,-2.05,34.373215371967));
#1674 = LINE('',#1675,#1676);
#1675 = CARTESIAN_POINT('',(9.,-2.05,40.171828961468));
#1676 = VECTOR('',#1677,1.);
#1677 = DIRECTION('',(-2.22044604925E-16,1.094764425254E-47,-1.));
#1678 = ORIENTED_EDGE('',*,*,#1679,.T.);
#1679 = EDGE_CURVE('',#1672,#1638,#1680,.T.);
#1680 = LINE('',#1681,#1682);
#1681 = CARTESIAN_POINT('',(9.,-2.05,34.373215371967));
#1682 = VECTOR('',#1683,1.);
#1683 = DIRECTION('',(-1.110223024625E-16,-0.866025403784,-0.5));
#1684 = FACE_BOUND('',#1685,.T.);
#1685 = EDGE_LOOP('',(#1686,#1696,#1704,#1712,#1720,#1728));
#1686 = ORIENTED_EDGE('',*,*,#1687,.T.);
#1687 = EDGE_CURVE('',#1688,#1690,#1692,.T.);
#1688 = VERTEX_POINT('',#1689);
#1689 = CARTESIAN_POINT('',(9.,-19.99999292423,32.670032077857));
#1690 = VERTEX_POINT('',#1691);
#1691 = CARTESIAN_POINT('',(9.,-22.94999292423,34.373215371967));
#1692 = LINE('',#1693,#1694);
#1693 = CARTESIAN_POINT('',(9.,-19.99999292423,32.670032077857));
#1694 = VECTOR('',#1695,1.);
#1695 = DIRECTION('',(1.110223024625E-16,-0.866025403784,0.5));
#1696 = ORIENTED_EDGE('',*,*,#1697,.T.);
#1697 = EDGE_CURVE('',#1690,#1698,#1700,.T.);
#1698 = VERTEX_POINT('',#1699);
#1699 = CARTESIAN_POINT('',(9.,-22.94999292423,40.171828961468));
#1700 = LINE('',#1701,#1702);
#1701 = CARTESIAN_POINT('',(9.,-22.94999292423,34.373215371967));
#1702 = VECTOR('',#1703,1.);
#1703 = DIRECTION('',(2.22044604925E-16,-1.094764425254E-47,1.));
#1704 = ORIENTED_EDGE('',*,*,#1705,.T.);
#1705 = EDGE_CURVE('',#1698,#1706,#1708,.T.);
#1706 = VERTEX_POINT('',#1707);
#1707 = CARTESIAN_POINT('',(9.,-19.99999292423,41.875012255578));
#1708 = LINE('',#1709,#1710);
#1709 = CARTESIAN_POINT('',(9.,-22.94999292423,40.171828961468));
#1710 = VECTOR('',#1711,1.);
#1711 = DIRECTION('',(1.110223024625E-16,0.866025403784,0.5));
#1712 = ORIENTED_EDGE('',*,*,#1713,.T.);
#1713 = EDGE_CURVE('',#1706,#1714,#1716,.T.);
#1714 = VERTEX_POINT('',#1715);
#1715 = CARTESIAN_POINT('',(9.,-17.04999292423,40.171828961468));
#1716 = LINE('',#1717,#1718);
#1717 = CARTESIAN_POINT('',(9.,-19.99999292423,41.875012255578));
#1718 = VECTOR('',#1719,1.);
#1719 = DIRECTION('',(-1.110223024625E-16,0.866025403784,-0.5));
#1720 = ORIENTED_EDGE('',*,*,#1721,.T.);
#1721 = EDGE_CURVE('',#1714,#1722,#1724,.T.);
#1722 = VERTEX_POINT('',#1723);
#1723 = CARTESIAN_POINT('',(9.,-17.04999292423,34.373215371967));
#1724 = LINE('',#1725,#1726);
#1725 = CARTESIAN_POINT('',(9.,-17.04999292423,40.171828961468));
#1726 = VECTOR('',#1727,1.);
#1727 = DIRECTION('',(-2.22044604925E-16,1.094764425254E-47,-1.));
#1728 = ORIENTED_EDGE('',*,*,#1729,.T.);
#1729 = EDGE_CURVE('',#1722,#1688,#1730,.T.);
#1730 = LINE('',#1731,#1732);
#1731 = CARTESIAN_POINT('',(9.,-17.04999292423,34.373215371967));
#1732 = VECTOR('',#1733,1.);
#1733 = DIRECTION('',(-1.110223024625E-16,-0.866025403784,-0.5));
#1734 = PLANE('',#1735);
#1735 = AXIS2_PLACEMENT_3D('',#1736,#1737,#1738);
#1736 = CARTESIAN_POINT('',(9.,-12.49999766009,57.749999848051));
#1737 = DIRECTION('',(1.,0.,0.));
#1738 = DIRECTION('',(0.,0.,1.));
#1739 = ADVANCED_FACE('',(#1740),#1758,.F.);
#1740 = FACE_BOUND('',#1741,.F.);
#1741 = EDGE_LOOP('',(#1742,#1743,#1749,#1750,#1751,#1752));
#1742 = ORIENTED_EDGE('',*,*,#237,.F.);
#1743 = ORIENTED_EDGE('',*,*,#1744,.T.);
#1744 = EDGE_CURVE('',#228,#1410,#1745,.T.);
#1745 = LINE('',#1746,#1747);
#1746 = CARTESIAN_POINT('',(3.,-7.,44.670032077857));
#1747 = VECTOR('',#1748,1.);
#1748 = DIRECTION('',(1.,0.,2.2E-16));
#1749 = ORIENTED_EDGE('',*,*,#1443,.T.);
#1750 = ORIENTED_EDGE('',*,*,#1393,.T.);
#1751 = ORIENTED_EDGE('',*,*,#846,.T.);
#1752 = ORIENTED_EDGE('',*,*,#1753,.F.);
#1753 = EDGE_CURVE('',#238,#839,#1754,.T.);
#1754 = LINE('',#1755,#1756);
#1755 = CARTESIAN_POINT('',(3.,-3.,44.670032077857));
#1756 = VECTOR('',#1757,1.);
#1757 = DIRECTION('',(1.,0.,2.2E-16));
#1758 = CYLINDRICAL_SURFACE('',#1759,2.);
#1759 = AXIS2_PLACEMENT_3D('',#1760,#1761,#1762);
#1760 = CARTESIAN_POINT('',(3.,-5.,44.670032077857));
#1761 = DIRECTION('',(-1.,0.,-2.2E-16));
#1762 = DIRECTION('',(2.2E-16,-2.2E-16,-1.));
#1763 = ADVANCED_FACE('',(#1764),#1791,.F.);
#1764 = FACE_BOUND('',#1765,.F.);
#1765 = EDGE_LOOP('',(#1766,#1767,#1768,#1769,#1777,#1785));
#1766 = ORIENTED_EDGE('',*,*,#246,.F.);
#1767 = ORIENTED_EDGE('',*,*,#1753,.T.);
#1768 = ORIENTED_EDGE('',*,*,#838,.T.);
#1769 = ORIENTED_EDGE('',*,*,#1770,.T.);
#1770 = EDGE_CURVE('',#831,#1771,#1773,.T.);
#1771 = VERTEX_POINT('',#1772);
#1772 = CARTESIAN_POINT('',(6.,-3.,40.720311717199));
#1773 = LINE('',#1774,#1775);
#1774 = CARTESIAN_POINT('',(6.,-3.,64.75));
#1775 = VECTOR('',#1776,1.);
#1776 = DIRECTION('',(0.,-2.2E-16,-1.));
#1777 = ORIENTED_EDGE('',*,*,#1778,.T.);
#1778 = EDGE_CURVE('',#1771,#1779,#1781,.T.);
#1779 = VERTEX_POINT('',#1780);
#1780 = CARTESIAN_POINT('',(6.,-3.,34.670032077857));
#1781 = LINE('',#1782,#1783);
#1782 = CARTESIAN_POINT('',(6.,-3.,64.75));
#1783 = VECTOR('',#1784,1.);
#1784 = DIRECTION('',(0.,-2.2E-16,-1.));
#1785 = ORIENTED_EDGE('',*,*,#1786,.F.);
#1786 = EDGE_CURVE('',#247,#1779,#1787,.T.);
#1787 = LINE('',#1788,#1789);
#1788 = CARTESIAN_POINT('',(3.,-3.,34.670032077857));
#1789 = VECTOR('',#1790,1.);
#1790 = DIRECTION('',(1.,0.,2.2E-16));
#1791 = PLANE('',#1792);
#1792 = AXIS2_PLACEMENT_3D('',#1793,#1794,#1795);
#1793 = CARTESIAN_POINT('',(3.,-3.,44.670032077857));
#1794 = DIRECTION('',(0.,1.,-2.2E-16));
#1795 = DIRECTION('',(2.2E-16,-2.2E-16,-1.));
#1796 = ADVANCED_FACE('',(#1797),#1829,.T.);
#1797 = FACE_BOUND('',#1798,.T.);
#1798 = EDGE_LOOP('',(#1799,#1800,#1806,#1807,#1815,#1823));
#1799 = ORIENTED_EDGE('',*,*,#191,.F.);
#1800 = ORIENTED_EDGE('',*,*,#1801,.T.);
#1801 = EDGE_CURVE('',#192,#1492,#1802,.T.);
#1802 = LINE('',#1803,#1804);
#1803 = CARTESIAN_POINT('',(3.,-22.,44.670032077857));
#1804 = VECTOR('',#1805,1.);
#1805 = DIRECTION('',(1.,0.,2.2E-16));
#1806 = ORIENTED_EDGE('',*,*,#1500,.T.);
#1807 = ORIENTED_EDGE('',*,*,#1808,.T.);
#1808 = EDGE_CURVE('',#1475,#1809,#1811,.T.);
#1809 = VERTEX_POINT('',#1810);
#1810 = CARTESIAN_POINT('',(6.,-22.,40.720307632006));
#1811 = LINE('',#1812,#1813);
#1812 = CARTESIAN_POINT('',(6.,-22.,64.75));
#1813 = VECTOR('',#1814,1.);
#1814 = DIRECTION('',(0.,-2.2E-16,-1.));
#1815 = ORIENTED_EDGE('',*,*,#1816,.T.);
#1816 = EDGE_CURVE('',#1809,#1817,#1819,.T.);
#1817 = VERTEX_POINT('',#1818);
#1818 = CARTESIAN_POINT('',(6.,-22.,34.670032077857));
#1819 = LINE('',#1820,#1821);
#1820 = CARTESIAN_POINT('',(6.,-22.,64.75));
#1821 = VECTOR('',#1822,1.);
#1822 = DIRECTION('',(0.,-2.2E-16,-1.));
#1823 = ORIENTED_EDGE('',*,*,#1824,.F.);
#1824 = EDGE_CURVE('',#194,#1817,#1825,.T.);
#1825 = LINE('',#1826,#1827);
#1826 = CARTESIAN_POINT('',(3.,-22.,34.670032077857));
#1827 = VECTOR('',#1828,1.);
#1828 = DIRECTION('',(1.,0.,2.2E-16));
#1829 = PLANE('',#1830);
#1830 = AXIS2_PLACEMENT_3D('',#1831,#1832,#1833);
#1831 = CARTESIAN_POINT('',(3.,-22.,44.670032077857));
#1832 = DIRECTION('',(0.,1.,-2.2E-16));
#1833 = DIRECTION('',(2.2E-16,-2.2E-16,-1.));
#1834 = ADVANCED_FACE('',(#1835),#1881,.F.);
#1835 = FACE_BOUND('',#1836,.F.);
#1836 = EDGE_LOOP('',(#1837,#1838,#1846,#1855,#1864,#1873,#1880));
#1837 = ORIENTED_EDGE('',*,*,#218,.F.);
#1838 = ORIENTED_EDGE('',*,*,#1839,.T.);
#1839 = EDGE_CURVE('',#211,#1840,#1842,.T.);
#1840 = VERTEX_POINT('',#1841);
#1841 = CARTESIAN_POINT('',(6.,-18.,34.670032077857));
#1842 = LINE('',#1843,#1844);
#1843 = CARTESIAN_POINT('',(3.,-18.,34.670032077857));
#1844 = VECTOR('',#1845,1.);
#1845 = DIRECTION('',(1.,0.,2.2E-16));
#1846 = ORIENTED_EDGE('',*,*,#1847,.T.);
#1847 = EDGE_CURVE('',#1840,#1848,#1850,.T.);
#1848 = VERTEX_POINT('',#1849);
#1849 = CARTESIAN_POINT('',(6.,-18.26795273033,33.670025950056));
#1850 = CIRCLE('',#1851,2.);
#1851 = AXIS2_PLACEMENT_3D('',#1852,#1853,#1854);
#1852 = CARTESIAN_POINT('',(6.,-20.,34.670032077857));
#1853 = DIRECTION('',(-1.,0.,-2.2E-16));
#1854 = DIRECTION('',(2.2E-16,-2.2E-16,-1.));
#1855 = ORIENTED_EDGE('',*,*,#1856,.T.);
#1856 = EDGE_CURVE('',#1848,#1857,#1859,.T.);
#1857 = VERTEX_POINT('',#1858);
#1858 = CARTESIAN_POINT('',(6.,-19.99999292423,32.670032077857));
#1859 = CIRCLE('',#1860,2.);
#1860 = AXIS2_PLACEMENT_3D('',#1861,#1862,#1863);
#1861 = CARTESIAN_POINT('',(6.,-20.,34.670032077857));
#1862 = DIRECTION('',(-1.,0.,-2.2E-16));
#1863 = DIRECTION('',(2.2E-16,-2.2E-16,-1.));
#1864 = ORIENTED_EDGE('',*,*,#1865,.T.);
#1865 = EDGE_CURVE('',#1857,#1866,#1868,.T.);
#1866 = VERTEX_POINT('',#1867);
#1867 = CARTESIAN_POINT('',(6.,-21.73205434542,33.670038205634));
#1868 = CIRCLE('',#1869,2.);
#1869 = AXIS2_PLACEMENT_3D('',#1870,#1871,#1872);
#1870 = CARTESIAN_POINT('',(6.,-20.,34.670032077857));
#1871 = DIRECTION('',(-1.,0.,-2.2E-16));
#1872 = DIRECTION('',(2.2E-16,-2.2E-16,-1.));
#1873 = ORIENTED_EDGE('',*,*,#1874,.T.);
#1874 = EDGE_CURVE('',#1866,#1817,#1875,.T.);
#1875 = CIRCLE('',#1876,2.);
#1876 = AXIS2_PLACEMENT_3D('',#1877,#1878,#1879);
#1877 = CARTESIAN_POINT('',(6.,-20.,34.670032077857));
#1878 = DIRECTION('',(-1.,0.,-2.2E-16));
#1879 = DIRECTION('',(2.2E-16,-2.2E-16,-1.));
#1880 = ORIENTED_EDGE('',*,*,#1824,.F.);
#1881 = CYLINDRICAL_SURFACE('',#1882,2.);
#1882 = AXIS2_PLACEMENT_3D('',#1883,#1884,#1885);
#1883 = CARTESIAN_POINT('',(3.,-20.,34.670032077857));
#1884 = DIRECTION('',(-1.,0.,-2.2E-16));
#1885 = DIRECTION('',(2.2E-16,-2.2E-16,-1.));
#1886 = ADVANCED_FACE('',(#1887),#1912,.F.);
#1887 = FACE_BOUND('',#1888,.F.);
#1888 = EDGE_LOOP('',(#1889,#1890,#1896,#1897,#1905,#1911));
#1889 = ORIENTED_EDGE('',*,*,#210,.F.);
#1890 = ORIENTED_EDGE('',*,*,#1891,.T.);
#1891 = EDGE_CURVE('',#202,#1428,#1892,.T.);
#1892 = LINE('',#1893,#1894);
#1893 = CARTESIAN_POINT('',(3.,-18.,44.670032077857));
#1894 = VECTOR('',#1895,1.);
#1895 = DIRECTION('',(1.,0.,2.2E-16));
#1896 = ORIENTED_EDGE('',*,*,#1427,.T.);
#1897 = ORIENTED_EDGE('',*,*,#1898,.T.);
#1898 = EDGE_CURVE('',#1420,#1899,#1901,.T.);
#1899 = VERTEX_POINT('',#1900);
#1900 = CARTESIAN_POINT('',(6.,-18.,40.720315802391));
#1901 = LINE('',#1902,#1903);
#1902 = CARTESIAN_POINT('',(6.,-18.,64.75));
#1903 = VECTOR('',#1904,1.);
#1904 = DIRECTION('',(0.,-2.2E-16,-1.));
#1905 = ORIENTED_EDGE('',*,*,#1906,.T.);
#1906 = EDGE_CURVE('',#1899,#1840,#1907,.T.);
#1907 = LINE('',#1908,#1909);
#1908 = CARTESIAN_POINT('',(6.,-18.,64.75));
#1909 = VECTOR('',#1910,1.);
#1910 = DIRECTION('',(0.,-2.2E-16,-1.));
#1911 = ORIENTED_EDGE('',*,*,#1839,.F.);
#1912 = PLANE('',#1913);
#1913 = AXIS2_PLACEMENT_3D('',#1914,#1915,#1916);
#1914 = CARTESIAN_POINT('',(3.,-18.,44.670032077857));
#1915 = DIRECTION('',(0.,1.,-2.2E-16));
#1916 = DIRECTION('',(2.2E-16,-2.2E-16,-1.));
#1917 = ADVANCED_FACE('',(#1918),#1926,.F.);
#1918 = FACE_BOUND('',#1919,.F.);
#1919 = EDGE_LOOP('',(#1920,#1921,#1922,#1923,#1924,#1925));
#1920 = ORIENTED_EDGE('',*,*,#201,.F.);
#1921 = ORIENTED_EDGE('',*,*,#1801,.T.);
#1922 = ORIENTED_EDGE('',*,*,#1491,.T.);
#1923 = ORIENTED_EDGE('',*,*,#1458,.T.);
#1924 = ORIENTED_EDGE('',*,*,#1435,.T.);
#1925 = ORIENTED_EDGE('',*,*,#1891,.F.);
#1926 = CYLINDRICAL_SURFACE('',#1927,2.);
#1927 = AXIS2_PLACEMENT_3D('',#1928,#1929,#1930);
#1928 = CARTESIAN_POINT('',(3.,-20.,44.670032077857));
#1929 = DIRECTION('',(-1.,0.,-2.2E-16));
#1930 = DIRECTION('',(2.2E-16,-2.2E-16,-1.));
#1931 = ADVANCED_FACE('',(#1932),#1959,.T.);
#1932 = FACE_BOUND('',#1933,.T.);
#1933 = EDGE_LOOP('',(#1934,#1935,#1936,#1937,#1945,#1953));
#1934 = ORIENTED_EDGE('',*,*,#227,.F.);
#1935 = ORIENTED_EDGE('',*,*,#1744,.T.);
#1936 = ORIENTED_EDGE('',*,*,#1409,.T.);
#1937 = ORIENTED_EDGE('',*,*,#1938,.T.);
#1938 = EDGE_CURVE('',#1412,#1939,#1941,.T.);
#1939 = VERTEX_POINT('',#1940);
#1940 = CARTESIAN_POINT('',(6.,-7.,40.720311717199));
#1941 = LINE('',#1942,#1943);
#1942 = CARTESIAN_POINT('',(6.,-7.,64.75));
#1943 = VECTOR('',#1944,1.);
#1944 = DIRECTION('',(0.,-2.2E-16,-1.));
#1945 = ORIENTED_EDGE('',*,*,#1946,.T.);
#1946 = EDGE_CURVE('',#1939,#1947,#1949,.T.);
#1947 = VERTEX_POINT('',#1948);
#1948 = CARTESIAN_POINT('',(6.,-7.,34.670032077857));
#1949 = LINE('',#1950,#1951);
#1950 = CARTESIAN_POINT('',(6.,-7.,64.75));
#1951 = VECTOR('',#1952,1.);
#1952 = DIRECTION('',(0.,-2.2E-16,-1.));
#1953 = ORIENTED_EDGE('',*,*,#1954,.F.);
#1954 = EDGE_CURVE('',#230,#1947,#1955,.T.);
#1955 = LINE('',#1956,#1957);
#1956 = CARTESIAN_POINT('',(3.,-7.,34.670032077857));
#1957 = VECTOR('',#1958,1.);
#1958 = DIRECTION('',(1.,0.,2.2E-16));
#1959 = PLANE('',#1960);
#1960 = AXIS2_PLACEMENT_3D('',#1961,#1962,#1963);
#1961 = CARTESIAN_POINT('',(3.,-7.,44.670032077857));
#1962 = DIRECTION('',(0.,1.,-2.2E-16));
#1963 = DIRECTION('',(2.2E-16,-2.2E-16,-1.));
#1964 = ADVANCED_FACE('',(#1965),#2004,.F.);
#1965 = FACE_BOUND('',#1966,.F.);
#1966 = EDGE_LOOP('',(#1967,#1968,#1969,#1978,#1987,#1996,#2003));
#1967 = ORIENTED_EDGE('',*,*,#254,.F.);
#1968 = ORIENTED_EDGE('',*,*,#1786,.T.);
#1969 = ORIENTED_EDGE('',*,*,#1970,.T.);
#1970 = EDGE_CURVE('',#1779,#1971,#1973,.T.);
#1971 = VERTEX_POINT('',#1972);
#1972 = CARTESIAN_POINT('',(6.,-3.267949192431,33.670032077857));
#1973 = CIRCLE('',#1974,2.);
#1974 = AXIS2_PLACEMENT_3D('',#1975,#1976,#1977);
#1975 = CARTESIAN_POINT('',(6.,-5.,34.670032077857));
#1976 = DIRECTION('',(-1.,0.,-2.2E-16));
#1977 = DIRECTION('',(2.2E-16,-2.2E-16,-1.));
#1978 = ORIENTED_EDGE('',*,*,#1979,.T.);
#1979 = EDGE_CURVE('',#1971,#1980,#1982,.T.);
#1980 = VERTEX_POINT('',#1981);
#1981 = CARTESIAN_POINT('',(6.,-5.,32.670032077857));
#1982 = CIRCLE('',#1983,2.);
#1983 = AXIS2_PLACEMENT_3D('',#1984,#1985,#1986);
#1984 = CARTESIAN_POINT('',(6.,-5.,34.670032077857));
#1985 = DIRECTION('',(-1.,0.,-2.2E-16));
#1986 = DIRECTION('',(2.2E-16,-2.2E-16,-1.));
#1987 = ORIENTED_EDGE('',*,*,#1988,.T.);
#1988 = EDGE_CURVE('',#1980,#1989,#1991,.T.);
#1989 = VERTEX_POINT('',#1990);
#1990 = CARTESIAN_POINT('',(6.,-6.732050807569,33.670032077857));
#1991 = CIRCLE('',#1992,2.);
#1992 = AXIS2_PLACEMENT_3D('',#1993,#1994,#1995);
#1993 = CARTESIAN_POINT('',(6.,-5.,34.670032077857));
#1994 = DIRECTION('',(-1.,0.,-2.2E-16));
#1995 = DIRECTION('',(2.2E-16,-2.2E-16,-1.));
#1996 = ORIENTED_EDGE('',*,*,#1997,.T.);
#1997 = EDGE_CURVE('',#1989,#1947,#1998,.T.);
#1998 = CIRCLE('',#1999,2.);
#1999 = AXIS2_PLACEMENT_3D('',#2000,#2001,#2002);
#2000 = CARTESIAN_POINT('',(6.,-5.,34.670032077857));
#2001 = DIRECTION('',(-1.,0.,-2.2E-16));
#2002 = DIRECTION('',(2.2E-16,-2.2E-16,-1.));
#2003 = ORIENTED_EDGE('',*,*,#1954,.F.);
#2004 = CYLINDRICAL_SURFACE('',#2005,2.);
#2005 = AXIS2_PLACEMENT_3D('',#2006,#2007,#2008);
#2006 = CARTESIAN_POINT('',(3.,-5.,34.670032077857));
#2007 = DIRECTION('',(-1.,0.,-2.2E-16));
#2008 = DIRECTION('',(2.2E-16,-2.2E-16,-1.));
#2009 = ADVANCED_FACE('',(#2010),#2017,.T.);
#2010 = FACE_BOUND('',#2011,.T.);
#2011 = EDGE_LOOP('',(#2012,#2013,#2014,#2015,#2016));
#2012 = ORIENTED_EDGE('',*,*,#1356,.T.);
#2013 = ORIENTED_EDGE('',*,*,#983,.T.);
#2014 = ORIENTED_EDGE('',*,*,#1008,.T.);
#2015 = ORIENTED_EDGE('',*,*,#878,.T.);
#2016 = ORIENTED_EDGE('',*,*,#1298,.F.);
#2017 = PLANE('',#2018);
#2018 = AXIS2_PLACEMENT_3D('',#2019,#2020,#2021);
#2019 = CARTESIAN_POINT('',(6.,3.767E-14,84.829967922143));
#2020 = DIRECTION('',(1.,0.,0.));
#2021 = DIRECTION('',(0.,-4.4E-16,-1.));
#2022 = ADVANCED_FACE('',(#2023),#2030,.T.);
#2023 = FACE_BOUND('',#2024,.T.);
#2024 = EDGE_LOOP('',(#2025,#2026,#2027,#2028,#2029));
#2025 = ORIENTED_EDGE('',*,*,#1272,.T.);
#2026 = ORIENTED_EDGE('',*,*,#902,.T.);
#2027 = ORIENTED_EDGE('',*,*,#927,.T.);
#2028 = ORIENTED_EDGE('',*,*,#959,.T.);
#2029 = ORIENTED_EDGE('',*,*,#1377,.T.);
#2030 = PLANE('',#2031);
#2031 = AXIS2_PLACEMENT_3D('',#2032,#2033,#2034);
#2032 = CARTESIAN_POINT('',(6.,3.767E-14,84.829967922143));
#2033 = DIRECTION('',(1.,0.,0.));
#2034 = DIRECTION('',(0.,-4.4E-16,-1.));
#2035 = ADVANCED_FACE('',(#2036),#2040,.F.);
#2036 = FACE_BOUND('',#2037,.F.);
#2037 = EDGE_LOOP('',(#2038,#2039));
#2038 = ORIENTED_EDGE('',*,*,#951,.F.);
#2039 = ORIENTED_EDGE('',*,*,#1370,.F.);
#2040 = PLANE('',#2041);
#2041 = AXIS2_PLACEMENT_3D('',#2042,#2043,#2044);
#2042 = CARTESIAN_POINT('',(6.,-12.49999766009,57.749999848051));
#2043 = DIRECTION('',(1.,0.,0.));
#2044 = DIRECTION('',(0.,0.,1.));
#2045 = ADVANCED_FACE('',(#2046),#2050,.F.);
#2046 = FACE_BOUND('',#2047,.F.);
#2047 = EDGE_LOOP('',(#2048,#2049));
#2048 = ORIENTED_EDGE('',*,*,#1363,.F.);
#2049 = ORIENTED_EDGE('',*,*,#991,.F.);
#2050 = PLANE('',#2051);
#2051 = AXIS2_PLACEMENT_3D('',#2052,#2053,#2054);
#2052 = CARTESIAN_POINT('',(6.,-12.49999766009,57.749999848051));
#2053 = DIRECTION('',(1.,0.,0.));
#2054 = DIRECTION('',(0.,0.,1.));
#2055 = ADVANCED_FACE('',(#2056),#2063,.T.);
#2056 = FACE_BOUND('',#2057,.T.);
#2057 = EDGE_LOOP('',(#2058,#2059,#2060,#2061,#2062));
#2058 = ORIENTED_EDGE('',*,*,#1150,.F.);
#2059 = ORIENTED_EDGE('',*,*,#278,.F.);
#2060 = ORIENTED_EDGE('',*,*,#1317,.T.);
#2061 = ORIENTED_EDGE('',*,*,#1047,.F.);
#2062 = ORIENTED_EDGE('',*,*,#1168,.F.);
#2063 = PLANE('',#2064);
#2064 = AXIS2_PLACEMENT_3D('',#2065,#2066,#2067);
#2065 = CARTESIAN_POINT('',(6.,3.767E-14,84.829967922143));
#2066 = DIRECTION('',(1.,0.,0.));
#2067 = DIRECTION('',(0.,-4.4E-16,-1.));
#2068 = ADVANCED_FACE('',(#2069),#2073,.F.);
#2069 = FACE_BOUND('',#2070,.F.);
#2070 = EDGE_LOOP('',(#2071,#2072));
#2071 = ORIENTED_EDGE('',*,*,#1324,.F.);
#2072 = ORIENTED_EDGE('',*,*,#1039,.T.);
#2073 = PLANE('',#2074);
#2074 = AXIS2_PLACEMENT_3D('',#2075,#2076,#2077);
#2075 = CARTESIAN_POINT('',(6.,-12.49999766009,57.749999848051));
#2076 = DIRECTION('',(1.,0.,0.));
#2077 = DIRECTION('',(0.,0.,1.));
#2078 = ADVANCED_FACE('',(#2079),#2083,.F.);
#2079 = FACE_BOUND('',#2080,.F.);
#2080 = EDGE_LOOP('',(#2081,#2082));
#2081 = ORIENTED_EDGE('',*,*,#1079,.T.);
#2082 = ORIENTED_EDGE('',*,*,#1331,.F.);
#2083 = PLANE('',#2084);
#2084 = AXIS2_PLACEMENT_3D('',#2085,#2086,#2087);
#2085 = CARTESIAN_POINT('',(6.,-12.49999766009,57.749999848051));
#2086 = DIRECTION('',(1.,0.,0.));
#2087 = DIRECTION('',(0.,0.,1.));
#2088 = ADVANCED_FACE('',(#2089),#2096,.T.);
#2089 = FACE_BOUND('',#2090,.T.);
#2090 = EDGE_LOOP('',(#2091,#2092,#2093,#2094,#2095));
#2091 = ORIENTED_EDGE('',*,*,#1071,.F.);
#2092 = ORIENTED_EDGE('',*,*,#1338,.T.);
#2093 = ORIENTED_EDGE('',*,*,#1216,.T.);
#2094 = ORIENTED_EDGE('',*,*,#1126,.F.);
#2095 = ORIENTED_EDGE('',*,*,#1103,.F.);
#2096 = PLANE('',#2097);
#2097 = AXIS2_PLACEMENT_3D('',#2098,#2099,#2100);
#2098 = CARTESIAN_POINT('',(6.,3.767E-14,84.829967922143));
#2099 = DIRECTION('',(1.,0.,0.));
#2100 = DIRECTION('',(0.,-4.4E-16,-1.));
#2101 = ADVANCED_FACE('',(#2102),#2121,.F.);
#2102 = FACE_BOUND('',#2103,.F.);
#2103 = EDGE_LOOP('',(#2104,#2105,#2106,#2107,#2115));
#2104 = ORIENTED_EDGE('',*,*,#1770,.F.);
#2105 = ORIENTED_EDGE('',*,*,#1564,.T.);
#2106 = ORIENTED_EDGE('',*,*,#1938,.T.);
#2107 = ORIENTED_EDGE('',*,*,#2108,.T.);
#2108 = EDGE_CURVE('',#1939,#2109,#2111,.T.);
#2109 = VERTEX_POINT('',#2110);
#2110 = CARTESIAN_POINT('',(6.,-5.,41.875012255578));
#2111 = LINE('',#2112,#2113);
#2112 = CARTESIAN_POINT('',(6.,-7.95,40.171828961468));
#2113 = VECTOR('',#2114,1.);
#2114 = DIRECTION('',(1.110223024625E-16,0.866025403784,0.5));
#2115 = ORIENTED_EDGE('',*,*,#2116,.T.);
#2116 = EDGE_CURVE('',#2109,#1771,#2117,.T.);
#2117 = LINE('',#2118,#2119);
#2118 = CARTESIAN_POINT('',(6.,-5.,41.875012255578));
#2119 = VECTOR('',#2120,1.);
#2120 = DIRECTION('',(-1.110223024625E-16,0.866025403784,-0.5));
#2121 = PLANE('',#2122);
#2122 = AXIS2_PLACEMENT_3D('',#2123,#2124,#2125);
#2123 = CARTESIAN_POINT('',(6.,-12.49999766009,57.749999848051));
#2124 = DIRECTION('',(1.,0.,0.));
#2125 = DIRECTION('',(0.,0.,1.));
#2126 = ADVANCED_FACE('',(#2127),#2146,.F.);
#2127 = FACE_BOUND('',#2128,.F.);
#2128 = EDGE_LOOP('',(#2129,#2130,#2131,#2139,#2145));
#2129 = ORIENTED_EDGE('',*,*,#1557,.T.);
#2130 = ORIENTED_EDGE('',*,*,#1808,.T.);
#2131 = ORIENTED_EDGE('',*,*,#2132,.T.);
#2132 = EDGE_CURVE('',#1809,#2133,#2135,.T.);
#2133 = VERTEX_POINT('',#2134);
#2134 = CARTESIAN_POINT('',(6.,-19.99999292423,41.875012255578));
#2135 = LINE('',#2136,#2137);
#2136 = CARTESIAN_POINT('',(6.,-22.94999292423,40.171828961468));
#2137 = VECTOR('',#2138,1.);
#2138 = DIRECTION('',(1.110223024625E-16,0.866025403784,0.5));
#2139 = ORIENTED_EDGE('',*,*,#2140,.T.);
#2140 = EDGE_CURVE('',#2133,#1899,#2141,.T.);
#2141 = LINE('',#2142,#2143);
#2142 = CARTESIAN_POINT('',(6.,-19.99999292423,41.875012255578));
#2143 = VECTOR('',#2144,1.);
#2144 = DIRECTION('',(-1.110223024625E-16,0.866025403784,-0.5));
#2145 = ORIENTED_EDGE('',*,*,#1898,.F.);
#2146 = PLANE('',#2147);
#2147 = AXIS2_PLACEMENT_3D('',#2148,#2149,#2150);
#2148 = CARTESIAN_POINT('',(6.,-12.49999766009,57.749999848051));
#2149 = DIRECTION('',(1.,0.,0.));
#2150 = DIRECTION('',(0.,0.,1.));
#2151 = ADVANCED_FACE('',(#2152),#2181,.F.);
#2152 = FACE_BOUND('',#2153,.F.);
#2153 = EDGE_LOOP('',(#2154,#2160,#2161,#2169,#2175));
#2154 = ORIENTED_EDGE('',*,*,#2155,.T.);
#2155 = EDGE_CURVE('',#1980,#1638,#2156,.T.);
#2156 = LINE('',#2157,#2158);
#2157 = CARTESIAN_POINT('',(6.,-5.,32.670032077857));
#2158 = VECTOR('',#2159,1.);
#2159 = DIRECTION('',(1.,0.,-2.22044604925E-16));
#2160 = ORIENTED_EDGE('',*,*,#1637,.T.);
#2161 = ORIENTED_EDGE('',*,*,#2162,.F.);
#2162 = EDGE_CURVE('',#2163,#1640,#2165,.T.);
#2163 = VERTEX_POINT('',#2164);
#2164 = CARTESIAN_POINT('',(6.,-7.95,34.373215371967));
#2165 = LINE('',#2166,#2167);
#2166 = CARTESIAN_POINT('',(6.,-7.95,34.373215371967));
#2167 = VECTOR('',#2168,1.);
#2168 = DIRECTION('',(1.,0.,-2.22044604925E-16));
#2169 = ORIENTED_EDGE('',*,*,#2170,.F.);
#2170 = EDGE_CURVE('',#1989,#2163,#2171,.T.);
#2171 = LINE('',#2172,#2173);
#2172 = CARTESIAN_POINT('',(6.,-5.,32.670032077857));
#2173 = VECTOR('',#2174,1.);
#2174 = DIRECTION('',(1.110223024625E-16,-0.866025403784,0.5));
#2175 = ORIENTED_EDGE('',*,*,#2176,.F.);
#2176 = EDGE_CURVE('',#1980,#1989,#2177,.T.);
#2177 = LINE('',#2178,#2179);
#2178 = CARTESIAN_POINT('',(6.,-5.,32.670032077857));
#2179 = VECTOR('',#2180,1.);
#2180 = DIRECTION('',(1.110223024625E-16,-0.866025403784,0.5));
#2181 = PLANE('',#2182);
#2182 = AXIS2_PLACEMENT_3D('',#2183,#2184,#2185);
#2183 = CARTESIAN_POINT('',(6.,-5.,32.670032077857));
#2184 = DIRECTION('',(-1.922962686384E-16,-0.5,-0.866025403784));
#2185 = DIRECTION('',(1.110223024625E-16,-0.866025403784,0.5));
#2186 = ADVANCED_FACE('',(#2187),#2205,.F.);
#2187 = FACE_BOUND('',#2188,.F.);
#2188 = EDGE_LOOP('',(#2189,#2190,#2191,#2199));
#2189 = ORIENTED_EDGE('',*,*,#2162,.T.);
#2190 = ORIENTED_EDGE('',*,*,#1647,.T.);
#2191 = ORIENTED_EDGE('',*,*,#2192,.F.);
#2192 = EDGE_CURVE('',#2193,#1648,#2195,.T.);
#2193 = VERTEX_POINT('',#2194);
#2194 = CARTESIAN_POINT('',(6.,-7.95,40.171828961468));
#2195 = LINE('',#2196,#2197);
#2196 = CARTESIAN_POINT('',(6.,-7.95,40.171828961468));
#2197 = VECTOR('',#2198,1.);
#2198 = DIRECTION('',(1.,0.,-2.22044604925E-16));
#2199 = ORIENTED_EDGE('',*,*,#2200,.F.);
#2200 = EDGE_CURVE('',#2163,#2193,#2201,.T.);
#2201 = LINE('',#2202,#2203);
#2202 = CARTESIAN_POINT('',(6.,-7.95,34.373215371967));
#2203 = VECTOR('',#2204,1.);
#2204 = DIRECTION('',(2.22044604925E-16,-1.094764425254E-47,1.));
#2205 = PLANE('',#2206);
#2206 = AXIS2_PLACEMENT_3D('',#2207,#2208,#2209);
#2207 = CARTESIAN_POINT('',(6.,-7.95,34.373215371967));
#2208 = DIRECTION('',(0.,-1.,0.));
#2209 = DIRECTION('',(2.22044604925E-16,0.,1.));
#2210 = ADVANCED_FACE('',(#2211),#2228,.F.);
#2211 = FACE_BOUND('',#2212,.F.);
#2212 = EDGE_LOOP('',(#2213,#2214,#2215,#2221,#2222));
#2213 = ORIENTED_EDGE('',*,*,#2192,.T.);
#2214 = ORIENTED_EDGE('',*,*,#1655,.T.);
#2215 = ORIENTED_EDGE('',*,*,#2216,.F.);
#2216 = EDGE_CURVE('',#2109,#1656,#2217,.T.);
#2217 = LINE('',#2218,#2219);
#2218 = CARTESIAN_POINT('',(6.,-5.,41.875012255578));
#2219 = VECTOR('',#2220,1.);
#2220 = DIRECTION('',(1.,0.,-2.22044604925E-16));
#2221 = ORIENTED_EDGE('',*,*,#2108,.F.);
#2222 = ORIENTED_EDGE('',*,*,#2223,.F.);
#2223 = EDGE_CURVE('',#2193,#1939,#2224,.T.);
#2224 = LINE('',#2225,#2226);
#2225 = CARTESIAN_POINT('',(6.,-7.95,40.171828961468));
#2226 = VECTOR('',#2227,1.);
#2227 = DIRECTION('',(1.110223024625E-16,0.866025403784,0.5));
#2228 = PLANE('',#2229);
#2229 = AXIS2_PLACEMENT_3D('',#2230,#2231,#2232);
#2230 = CARTESIAN_POINT('',(6.,-7.95,40.171828961468));
#2231 = DIRECTION('',(1.922962686384E-16,-0.5,0.866025403784));
#2232 = DIRECTION('',(1.110223024625E-16,0.866025403784,0.5));
#2233 = ADVANCED_FACE('',(#2234),#2253,.F.);
#2234 = FACE_BOUND('',#2235,.F.);
#2235 = EDGE_LOOP('',(#2236,#2237,#2238,#2246,#2252));
#2236 = ORIENTED_EDGE('',*,*,#2216,.T.);
#2237 = ORIENTED_EDGE('',*,*,#1663,.T.);
#2238 = ORIENTED_EDGE('',*,*,#2239,.F.);
#2239 = EDGE_CURVE('',#2240,#1664,#2242,.T.);
#2240 = VERTEX_POINT('',#2241);
#2241 = CARTESIAN_POINT('',(6.,-2.05,40.171828961468));
#2242 = LINE('',#2243,#2244);
#2243 = CARTESIAN_POINT('',(6.,-2.05,40.171828961468));
#2244 = VECTOR('',#2245,1.);
#2245 = DIRECTION('',(1.,0.,-2.22044604925E-16));
#2246 = ORIENTED_EDGE('',*,*,#2247,.F.);
#2247 = EDGE_CURVE('',#1771,#2240,#2248,.T.);
#2248 = LINE('',#2249,#2250);
#2249 = CARTESIAN_POINT('',(6.,-5.,41.875012255578));
#2250 = VECTOR('',#2251,1.);
#2251 = DIRECTION('',(-1.110223024625E-16,0.866025403784,-0.5));
#2252 = ORIENTED_EDGE('',*,*,#2116,.F.);
#2253 = PLANE('',#2254);
#2254 = AXIS2_PLACEMENT_3D('',#2255,#2256,#2257);
#2255 = CARTESIAN_POINT('',(6.,-5.,41.875012255578));
#2256 = DIRECTION('',(1.922962686384E-16,0.5,0.866025403784));
#2257 = DIRECTION('',(-1.110223024625E-16,0.866025403784,-0.5));
#2258 = ADVANCED_FACE('',(#2259),#2277,.F.);
#2259 = FACE_BOUND('',#2260,.F.);
#2260 = EDGE_LOOP('',(#2261,#2262,#2263,#2271));
#2261 = ORIENTED_EDGE('',*,*,#2239,.T.);
#2262 = ORIENTED_EDGE('',*,*,#1671,.T.);
#2263 = ORIENTED_EDGE('',*,*,#2264,.F.);
#2264 = EDGE_CURVE('',#2265,#1672,#2267,.T.);
#2265 = VERTEX_POINT('',#2266);
#2266 = CARTESIAN_POINT('',(6.,-2.05,34.373215371967));
#2267 = LINE('',#2268,#2269);
#2268 = CARTESIAN_POINT('',(6.,-2.05,34.373215371967));
#2269 = VECTOR('',#2270,1.);
#2270 = DIRECTION('',(1.,0.,-2.22044604925E-16));
#2271 = ORIENTED_EDGE('',*,*,#2272,.F.);
#2272 = EDGE_CURVE('',#2240,#2265,#2273,.T.);
#2273 = LINE('',#2274,#2275);
#2274 = CARTESIAN_POINT('',(6.,-2.05,40.171828961468));
#2275 = VECTOR('',#2276,1.);
#2276 = DIRECTION('',(-2.22044604925E-16,1.094764425254E-47,-1.));
#2277 = PLANE('',#2278);
#2278 = AXIS2_PLACEMENT_3D('',#2279,#2280,#2281);
#2279 = CARTESIAN_POINT('',(6.,-2.05,40.171828961468));
#2280 = DIRECTION('',(0.,1.,0.));
#2281 = DIRECTION('',(-2.22044604925E-16,0.,-1.));
#2282 = ADVANCED_FACE('',(#2283),#2300,.F.);
#2283 = FACE_BOUND('',#2284,.F.);
#2284 = EDGE_LOOP('',(#2285,#2286,#2287,#2288,#2294));
#2285 = ORIENTED_EDGE('',*,*,#2264,.T.);
#2286 = ORIENTED_EDGE('',*,*,#1679,.T.);
#2287 = ORIENTED_EDGE('',*,*,#2155,.F.);
#2288 = ORIENTED_EDGE('',*,*,#2289,.F.);
#2289 = EDGE_CURVE('',#1971,#1980,#2290,.T.);
#2290 = LINE('',#2291,#2292);
#2291 = CARTESIAN_POINT('',(6.,-2.05,34.373215371967));
#2292 = VECTOR('',#2293,1.);
#2293 = DIRECTION('',(-1.110223024625E-16,-0.866025403784,-0.5));
#2294 = ORIENTED_EDGE('',*,*,#2295,.F.);
#2295 = EDGE_CURVE('',#2265,#1971,#2296,.T.);
#2296 = LINE('',#2297,#2298);
#2297 = CARTESIAN_POINT('',(6.,-2.05,34.373215371967));
#2298 = VECTOR('',#2299,1.);
#2299 = DIRECTION('',(-1.110223024625E-16,-0.866025403784,-0.5));
#2300 = PLANE('',#2301);
#2301 = AXIS2_PLACEMENT_3D('',#2302,#2303,#2304);
#2302 = CARTESIAN_POINT('',(6.,-2.05,34.373215371967));
#2303 = DIRECTION('',(-1.922962686384E-16,0.5,-0.866025403784));
#2304 = DIRECTION('',(-1.110223024625E-16,-0.866025403784,-0.5));
#2305 = ADVANCED_FACE('',(#2306),#2335,.F.);
#2306 = FACE_BOUND('',#2307,.F.);
#2307 = EDGE_LOOP('',(#2308,#2314,#2315,#2323,#2329));
#2308 = ORIENTED_EDGE('',*,*,#2309,.T.);
#2309 = EDGE_CURVE('',#1857,#1688,#2310,.T.);
#2310 = LINE('',#2311,#2312);
#2311 = CARTESIAN_POINT('',(6.,-19.99999292423,32.670032077857));
#2312 = VECTOR('',#2313,1.);
#2313 = DIRECTION('',(1.,0.,-2.22044604925E-16));
#2314 = ORIENTED_EDGE('',*,*,#1687,.T.);
#2315 = ORIENTED_EDGE('',*,*,#2316,.F.);
#2316 = EDGE_CURVE('',#2317,#1690,#2319,.T.);
#2317 = VERTEX_POINT('',#2318);
#2318 = CARTESIAN_POINT('',(6.,-22.94999292423,34.373215371967));
#2319 = LINE('',#2320,#2321);
#2320 = CARTESIAN_POINT('',(6.,-22.94999292423,34.373215371967));
#2321 = VECTOR('',#2322,1.);
#2322 = DIRECTION('',(1.,0.,-2.22044604925E-16));
#2323 = ORIENTED_EDGE('',*,*,#2324,.F.);
#2324 = EDGE_CURVE('',#1866,#2317,#2325,.T.);
#2325 = LINE('',#2326,#2327);
#2326 = CARTESIAN_POINT('',(6.,-19.99999292423,32.670032077857));
#2327 = VECTOR('',#2328,1.);
#2328 = DIRECTION('',(1.110223024625E-16,-0.866025403784,0.5));
#2329 = ORIENTED_EDGE('',*,*,#2330,.F.);
#2330 = EDGE_CURVE('',#1857,#1866,#2331,.T.);
#2331 = LINE('',#2332,#2333);
#2332 = CARTESIAN_POINT('',(6.,-19.99999292423,32.670032077857));
#2333 = VECTOR('',#2334,1.);
#2334 = DIRECTION('',(1.110223024625E-16,-0.866025403784,0.5));
#2335 = PLANE('',#2336);
#2336 = AXIS2_PLACEMENT_3D('',#2337,#2338,#2339);
#2337 = CARTESIAN_POINT('',(6.,-19.99999292423,32.670032077857));
#2338 = DIRECTION('',(-1.922962686384E-16,-0.5,-0.866025403784));
#2339 = DIRECTION('',(1.110223024625E-16,-0.866025403784,0.5));
#2340 = ADVANCED_FACE('',(#2341),#2359,.F.);
#2341 = FACE_BOUND('',#2342,.F.);
#2342 = EDGE_LOOP('',(#2343,#2344,#2345,#2353));
#2343 = ORIENTED_EDGE('',*,*,#2316,.T.);
#2344 = ORIENTED_EDGE('',*,*,#1697,.T.);
#2345 = ORIENTED_EDGE('',*,*,#2346,.F.);
#2346 = EDGE_CURVE('',#2347,#1698,#2349,.T.);
#2347 = VERTEX_POINT('',#2348);
#2348 = CARTESIAN_POINT('',(6.,-22.94999292423,40.171828961468));
#2349 = LINE('',#2350,#2351);
#2350 = CARTESIAN_POINT('',(6.,-22.94999292423,40.171828961468));
#2351 = VECTOR('',#2352,1.);
#2352 = DIRECTION('',(1.,0.,-2.22044604925E-16));
#2353 = ORIENTED_EDGE('',*,*,#2354,.F.);
#2354 = EDGE_CURVE('',#2317,#2347,#2355,.T.);
#2355 = LINE('',#2356,#2357);
#2356 = CARTESIAN_POINT('',(6.,-22.94999292423,34.373215371967));
#2357 = VECTOR('',#2358,1.);
#2358 = DIRECTION('',(2.22044604925E-16,-1.094764425254E-47,1.));
#2359 = PLANE('',#2360);
#2360 = AXIS2_PLACEMENT_3D('',#2361,#2362,#2363);
#2361 = CARTESIAN_POINT('',(6.,-22.94999292423,34.373215371967));
#2362 = DIRECTION('',(0.,-1.,0.));
#2363 = DIRECTION('',(2.22044604925E-16,0.,1.));
#2364 = ADVANCED_FACE('',(#2365),#2382,.F.);
#2365 = FACE_BOUND('',#2366,.F.);
#2366 = EDGE_LOOP('',(#2367,#2368,#2369,#2375,#2376));
#2367 = ORIENTED_EDGE('',*,*,#2346,.T.);
#2368 = ORIENTED_EDGE('',*,*,#1705,.T.);
#2369 = ORIENTED_EDGE('',*,*,#2370,.F.);
#2370 = EDGE_CURVE('',#2133,#1706,#2371,.T.);
#2371 = LINE('',#2372,#2373);
#2372 = CARTESIAN_POINT('',(6.,-19.99999292423,41.875012255578));
#2373 = VECTOR('',#2374,1.);
#2374 = DIRECTION('',(1.,0.,-2.22044604925E-16));
#2375 = ORIENTED_EDGE('',*,*,#2132,.F.);
#2376 = ORIENTED_EDGE('',*,*,#2377,.F.);
#2377 = EDGE_CURVE('',#2347,#1809,#2378,.T.);
#2378 = LINE('',#2379,#2380);
#2379 = CARTESIAN_POINT('',(6.,-22.94999292423,40.171828961468));
#2380 = VECTOR('',#2381,1.);
#2381 = DIRECTION('',(1.110223024625E-16,0.866025403784,0.5));
#2382 = PLANE('',#2383);
#2383 = AXIS2_PLACEMENT_3D('',#2384,#2385,#2386);
#2384 = CARTESIAN_POINT('',(6.,-22.94999292423,40.171828961468));
#2385 = DIRECTION('',(1.922962686384E-16,-0.5,0.866025403784));
#2386 = DIRECTION('',(1.110223024625E-16,0.866025403784,0.5));
#2387 = ADVANCED_FACE('',(#2388),#2407,.F.);
#2388 = FACE_BOUND('',#2389,.F.);
#2389 = EDGE_LOOP('',(#2390,#2391,#2392,#2400,#2406));
#2390 = ORIENTED_EDGE('',*,*,#2370,.T.);
#2391 = ORIENTED_EDGE('',*,*,#1713,.T.);
#2392 = ORIENTED_EDGE('',*,*,#2393,.F.);
#2393 = EDGE_CURVE('',#2394,#1714,#2396,.T.);
#2394 = VERTEX_POINT('',#2395);
#2395 = CARTESIAN_POINT('',(6.,-17.04999292423,40.171828961468));
#2396 = LINE('',#2397,#2398);
#2397 = CARTESIAN_POINT('',(6.,-17.04999292423,40.171828961468));
#2398 = VECTOR('',#2399,1.);
#2399 = DIRECTION('',(1.,0.,-2.22044604925E-16));
#2400 = ORIENTED_EDGE('',*,*,#2401,.F.);
#2401 = EDGE_CURVE('',#1899,#2394,#2402,.T.);
#2402 = LINE('',#2403,#2404);
#2403 = CARTESIAN_POINT('',(6.,-19.99999292423,41.875012255578));
#2404 = VECTOR('',#2405,1.);
#2405 = DIRECTION('',(-1.110223024625E-16,0.866025403784,-0.5));
#2406 = ORIENTED_EDGE('',*,*,#2140,.F.);
#2407 = PLANE('',#2408);
#2408 = AXIS2_PLACEMENT_3D('',#2409,#2410,#2411);
#2409 = CARTESIAN_POINT('',(6.,-19.99999292423,41.875012255578));
#2410 = DIRECTION('',(1.922962686384E-16,0.5,0.866025403784));
#2411 = DIRECTION('',(-1.110223024625E-16,0.866025403784,-0.5));
#2412 = ADVANCED_FACE('',(#2413),#2431,.F.);
#2413 = FACE_BOUND('',#2414,.F.);
#2414 = EDGE_LOOP('',(#2415,#2416,#2417,#2425));
#2415 = ORIENTED_EDGE('',*,*,#2393,.T.);
#2416 = ORIENTED_EDGE('',*,*,#1721,.T.);
#2417 = ORIENTED_EDGE('',*,*,#2418,.F.);
#2418 = EDGE_CURVE('',#2419,#1722,#2421,.T.);
#2419 = VERTEX_POINT('',#2420);
#2420 = CARTESIAN_POINT('',(6.,-17.04999292423,34.373215371967));
#2421 = LINE('',#2422,#2423);
#2422 = CARTESIAN_POINT('',(6.,-17.04999292423,34.373215371967));
#2423 = VECTOR('',#2424,1.);
#2424 = DIRECTION('',(1.,0.,-2.22044604925E-16));
#2425 = ORIENTED_EDGE('',*,*,#2426,.F.);
#2426 = EDGE_CURVE('',#2394,#2419,#2427,.T.);
#2427 = LINE('',#2428,#2429);
#2428 = CARTESIAN_POINT('',(6.,-17.04999292423,40.171828961468));
#2429 = VECTOR('',#2430,1.);
#2430 = DIRECTION('',(-2.22044604925E-16,1.094764425254E-47,-1.));
#2431 = PLANE('',#2432);
#2432 = AXIS2_PLACEMENT_3D('',#2433,#2434,#2435);
#2433 = CARTESIAN_POINT('',(6.,-17.04999292423,40.171828961468));
#2434 = DIRECTION('',(0.,1.,0.));
#2435 = DIRECTION('',(-2.22044604925E-16,0.,-1.));
#2436 = ADVANCED_FACE('',(#2437),#2454,.F.);
#2437 = FACE_BOUND('',#2438,.F.);
#2438 = EDGE_LOOP('',(#2439,#2440,#2441,#2442,#2448));
#2439 = ORIENTED_EDGE('',*,*,#2418,.T.);
#2440 = ORIENTED_EDGE('',*,*,#1729,.T.);
#2441 = ORIENTED_EDGE('',*,*,#2309,.F.);
#2442 = ORIENTED_EDGE('',*,*,#2443,.F.);
#2443 = EDGE_CURVE('',#1848,#1857,#2444,.T.);
#2444 = LINE('',#2445,#2446);
#2445 = CARTESIAN_POINT('',(6.,-17.04999292423,34.373215371967));
#2446 = VECTOR('',#2447,1.);
#2447 = DIRECTION('',(-1.110223024625E-16,-0.866025403784,-0.5));
#2448 = ORIENTED_EDGE('',*,*,#2449,.F.);
#2449 = EDGE_CURVE('',#2419,#1848,#2450,.T.);
#2450 = LINE('',#2451,#2452);
#2451 = CARTESIAN_POINT('',(6.,-17.04999292423,34.373215371967));
#2452 = VECTOR('',#2453,1.);
#2453 = DIRECTION('',(-1.110223024625E-16,-0.866025403784,-0.5));
#2454 = PLANE('',#2455);
#2455 = AXIS2_PLACEMENT_3D('',#2456,#2457,#2458);
#2456 = CARTESIAN_POINT('',(6.,-17.04999292423,34.373215371967));
#2457 = DIRECTION('',(-1.922962686384E-16,0.5,-0.866025403784));
#2458 = DIRECTION('',(-1.110223024625E-16,-0.866025403784,-0.5));
#2459 = ADVANCED_FACE('',(#2460),#2467,.F.);
#2460 = FACE_BOUND('',#2461,.F.);
#2461 = EDGE_LOOP('',(#2462,#2463,#2464,#2465,#2466));
#2462 = ORIENTED_EDGE('',*,*,#1778,.F.);
#2463 = ORIENTED_EDGE('',*,*,#2247,.T.);
#2464 = ORIENTED_EDGE('',*,*,#2272,.T.);
#2465 = ORIENTED_EDGE('',*,*,#2295,.T.);
#2466 = ORIENTED_EDGE('',*,*,#1970,.F.);
#2467 = PLANE('',#2468);
#2468 = AXIS2_PLACEMENT_3D('',#2469,#2470,#2471);
#2469 = CARTESIAN_POINT('',(6.,1.362E-14,30.670032077857));
#2470 = DIRECTION('',(-1.,0.,0.));
#2471 = DIRECTION('',(0.,4.4E-16,1.));
#2472 = ADVANCED_FACE('',(#2473),#2480,.F.);
#2473 = FACE_BOUND('',#2474,.F.);
#2474 = EDGE_LOOP('',(#2475,#2476,#2477,#2478,#2479));
#2475 = ORIENTED_EDGE('',*,*,#2377,.T.);
#2476 = ORIENTED_EDGE('',*,*,#1816,.T.);
#2477 = ORIENTED_EDGE('',*,*,#1874,.F.);
#2478 = ORIENTED_EDGE('',*,*,#2324,.T.);
#2479 = ORIENTED_EDGE('',*,*,#2354,.T.);
#2480 = PLANE('',#2481);
#2481 = AXIS2_PLACEMENT_3D('',#2482,#2483,#2484);
#2482 = CARTESIAN_POINT('',(6.,1.362E-14,30.670032077857));
#2483 = DIRECTION('',(-1.,0.,0.));
#2484 = DIRECTION('',(0.,4.4E-16,1.));
#2485 = ADVANCED_FACE('',(#2486),#2493,.F.);
#2486 = FACE_BOUND('',#2487,.F.);
#2487 = EDGE_LOOP('',(#2488,#2489,#2490,#2491,#2492));
#2488 = ORIENTED_EDGE('',*,*,#2449,.T.);
#2489 = ORIENTED_EDGE('',*,*,#1847,.F.);
#2490 = ORIENTED_EDGE('',*,*,#1906,.F.);
#2491 = ORIENTED_EDGE('',*,*,#2401,.T.);
#2492 = ORIENTED_EDGE('',*,*,#2426,.T.);
#2493 = PLANE('',#2494);
#2494 = AXIS2_PLACEMENT_3D('',#2495,#2496,#2497);
#2495 = CARTESIAN_POINT('',(6.,1.362E-14,30.670032077857));
#2496 = DIRECTION('',(-1.,0.,0.));
#2497 = DIRECTION('',(0.,4.4E-16,1.));
#2498 = ADVANCED_FACE('',(#2499),#2503,.F.);
#2499 = FACE_BOUND('',#2500,.F.);
#2500 = EDGE_LOOP('',(#2501,#2502));
#2501 = ORIENTED_EDGE('',*,*,#1856,.F.);
#2502 = ORIENTED_EDGE('',*,*,#2443,.T.);
#2503 = PLANE('',#2504);
#2504 = AXIS2_PLACEMENT_3D('',#2505,#2506,#2507);
#2505 = CARTESIAN_POINT('',(6.,-12.49999766009,57.749999848051));
#2506 = DIRECTION('',(1.,0.,0.));
#2507 = DIRECTION('',(0.,0.,1.));
#2508 = ADVANCED_FACE('',(#2509),#2513,.F.);
#2509 = FACE_BOUND('',#2510,.F.);
#2510 = EDGE_LOOP('',(#2511,#2512));
#2511 = ORIENTED_EDGE('',*,*,#2330,.T.);
#2512 = ORIENTED_EDGE('',*,*,#1865,.F.);
#2513 = PLANE('',#2514);
#2514 = AXIS2_PLACEMENT_3D('',#2515,#2516,#2517);
#2515 = CARTESIAN_POINT('',(6.,-12.49999766009,57.749999848051));
#2516 = DIRECTION('',(1.,0.,0.));
#2517 = DIRECTION('',(0.,0.,1.));
#2518 = ADVANCED_FACE('',(#2519),#2526,.F.);
#2519 = FACE_BOUND('',#2520,.F.);
#2520 = EDGE_LOOP('',(#2521,#2522,#2523,#2524,#2525));
#2521 = ORIENTED_EDGE('',*,*,#1997,.F.);
#2522 = ORIENTED_EDGE('',*,*,#2170,.T.);
#2523 = ORIENTED_EDGE('',*,*,#2200,.T.);
#2524 = ORIENTED_EDGE('',*,*,#2223,.T.);
#2525 = ORIENTED_EDGE('',*,*,#1946,.T.);
#2526 = PLANE('',#2527);
#2527 = AXIS2_PLACEMENT_3D('',#2528,#2529,#2530);
#2528 = CARTESIAN_POINT('',(6.,1.362E-14,30.670032077857));
#2529 = DIRECTION('',(-1.,0.,0.));
#2530 = DIRECTION('',(0.,4.4E-16,1.));
#2531 = ADVANCED_FACE('',(#2532),#2536,.F.);
#2532 = FACE_BOUND('',#2533,.F.);
#2533 = EDGE_LOOP('',(#2534,#2535));
#2534 = ORIENTED_EDGE('',*,*,#1979,.F.);
#2535 = ORIENTED_EDGE('',*,*,#2289,.T.);
#2536 = PLANE('',#2537);
#2537 = AXIS2_PLACEMENT_3D('',#2538,#2539,#2540);
#2538 = CARTESIAN_POINT('',(6.,-12.49999766009,57.749999848051));
#2539 = DIRECTION('',(1.,0.,0.));
#2540 = DIRECTION('',(0.,0.,1.));
#2541 = ADVANCED_FACE('',(#2542),#2546,.F.);
#2542 = FACE_BOUND('',#2543,.F.);
#2543 = EDGE_LOOP('',(#2544,#2545));
#2544 = ORIENTED_EDGE('',*,*,#2176,.T.);
#2545 = ORIENTED_EDGE('',*,*,#1988,.F.);
#2546 = PLANE('',#2547);
#2547 = AXIS2_PLACEMENT_3D('',#2548,#2549,#2550);
#2548 = CARTESIAN_POINT('',(6.,-12.49999766009,57.749999848051));
#2549 = DIRECTION('',(1.,0.,0.));
#2550 = DIRECTION('',(0.,0.,1.));
#2551 = ADVANCED_FACE('',(#2552),#2578,.T.);
#2552 = FACE_BOUND('',#2553,.T.);
#2553 = EDGE_LOOP('',(#2554,#2555,#2556,#2557,#2558,#2559,#2560,#2561,
    #2567,#2568,#2569,#2570,#2576,#2577));
#2554 = ORIENTED_EDGE('',*,*,#334,.F.);
#2555 = ORIENTED_EDGE('',*,*,#615,.T.);
#2556 = ORIENTED_EDGE('',*,*,#807,.F.);
#2557 = ORIENTED_EDGE('',*,*,#822,.F.);
#2558 = ORIENTED_EDGE('',*,*,#1534,.T.);
#2559 = ORIENTED_EDGE('',*,*,#1579,.T.);
#2560 = ORIENTED_EDGE('',*,*,#1612,.F.);
#2561 = ORIENTED_EDGE('',*,*,#2562,.F.);
#2562 = EDGE_CURVE('',#176,#1613,#2563,.T.);
#2563 = LINE('',#2564,#2565);
#2564 = CARTESIAN_POINT('',(6.,1.42108547152E-14,30.670032077857));
#2565 = VECTOR('',#2566,1.);
#2566 = DIRECTION('',(1.,0.,-2.22044604925E-16));
#2567 = ORIENTED_EDGE('',*,*,#183,.F.);
#2568 = ORIENTED_EDGE('',*,*,#48,.T.);
#2569 = ORIENTED_EDGE('',*,*,#80,.T.);
#2570 = ORIENTED_EDGE('',*,*,#2571,.T.);
#2571 = EDGE_CURVE('',#73,#429,#2572,.T.);
#2572 = LINE('',#2573,#2574);
#2573 = CARTESIAN_POINT('',(3.,0.,84.829967922143));
#2574 = VECTOR('',#2575,1.);
#2575 = DIRECTION('',(1.,0.,0.));
#2576 = ORIENTED_EDGE('',*,*,#428,.F.);
#2577 = ORIENTED_EDGE('',*,*,#403,.F.);
#2578 = PLANE('',#2579);
#2579 = AXIS2_PLACEMENT_3D('',#2580,#2581,#2582);
#2580 = CARTESIAN_POINT('',(13.323793517495,2.284321688613E-15,57.75));
#2581 = DIRECTION('',(-0.,1.,-8.598642491897E-19));
#2582 = DIRECTION('',(0.,-8.598642491897E-19,-1.));
#2583 = ADVANCED_FACE('',(#2584),#2595,.T.);
#2584 = FACE_BOUND('',#2585,.T.);
#2585 = EDGE_LOOP('',(#2586,#2587,#2588,#2594));
#2586 = ORIENTED_EDGE('',*,*,#2571,.F.);
#2587 = ORIENTED_EDGE('',*,*,#72,.T.);
#2588 = ORIENTED_EDGE('',*,*,#2589,.T.);
#2589 = EDGE_CURVE('',#65,#420,#2590,.T.);
#2590 = LINE('',#2591,#2592);
#2591 = CARTESIAN_POINT('',(3.,-25.,84.829967922143));
#2592 = VECTOR('',#2593,1.);
#2593 = DIRECTION('',(1.,0.,0.));
#2594 = ORIENTED_EDGE('',*,*,#436,.F.);
#2595 = PLANE('',#2596);
#2596 = AXIS2_PLACEMENT_3D('',#2597,#2598,#2599);
#2597 = CARTESIAN_POINT('',(6.,-12.5,84.829967922143));
#2598 = DIRECTION('',(-1.184237892933E-15,6.217248937901E-17,1.));
#2599 = DIRECTION('',(1.,-2.629536350737E-31,1.184237892933E-15));
#2600 = ADVANCED_FACE('',(#2601),#2622,.T.);
#2601 = FACE_BOUND('',#2602,.T.);
#2602 = EDGE_LOOP('',(#2603,#2604,#2605,#2606,#2607,#2608,#2609,#2610,
    #2616,#2617,#2618,#2619,#2620,#2621));
#2603 = ORIENTED_EDGE('',*,*,#316,.T.);
#2604 = ORIENTED_EDGE('',*,*,#386,.T.);
#2605 = ORIENTED_EDGE('',*,*,#419,.F.);
#2606 = ORIENTED_EDGE('',*,*,#2589,.F.);
#2607 = ORIENTED_EDGE('',*,*,#64,.F.);
#2608 = ORIENTED_EDGE('',*,*,#31,.F.);
#2609 = ORIENTED_EDGE('',*,*,#167,.T.);
#2610 = ORIENTED_EDGE('',*,*,#2611,.T.);
#2611 = EDGE_CURVE('',#168,#1622,#2612,.T.);
#2612 = LINE('',#2613,#2614);
#2613 = CARTESIAN_POINT('',(3.,-25.,30.670032077857));
#2614 = VECTOR('',#2615,1.);
#2615 = DIRECTION('',(1.,0.,0.));
#2616 = ORIENTED_EDGE('',*,*,#1621,.F.);
#2617 = ORIENTED_EDGE('',*,*,#1596,.F.);
#2618 = ORIENTED_EDGE('',*,*,#1550,.F.);
#2619 = ORIENTED_EDGE('',*,*,#1484,.T.);
#2620 = ORIENTED_EDGE('',*,*,#785,.T.);
#2621 = ORIENTED_EDGE('',*,*,#551,.F.);
#2622 = PLANE('',#2623);
#2623 = AXIS2_PLACEMENT_3D('',#2624,#2625,#2626);
#2624 = CARTESIAN_POINT('',(13.323793517495,-25.,57.75));
#2625 = DIRECTION('',(0.,-1.,-2.22044604925E-16));
#2626 = DIRECTION('',(1.,0.,0.));
#2627 = ADVANCED_FACE('',(#2628),#2634,.T.);
#2628 = FACE_BOUND('',#2629,.T.);
#2629 = EDGE_LOOP('',(#2630,#2631,#2632,#2633));
#2630 = ORIENTED_EDGE('',*,*,#175,.F.);
#2631 = ORIENTED_EDGE('',*,*,#2562,.T.);
#2632 = ORIENTED_EDGE('',*,*,#1629,.F.);
#2633 = ORIENTED_EDGE('',*,*,#2611,.F.);
#2634 = PLANE('',#2635);
#2635 = AXIS2_PLACEMENT_3D('',#2636,#2637,#2638);
#2636 = CARTESIAN_POINT('',(6.,-12.5,30.670032077857));
#2637 = DIRECTION('',(-8.881784197001E-16,-2.75335310107E-16,-1.));
#2638 = DIRECTION('',(-1.,-1.972152263053E-31,8.881784197001E-16));
#2639 = ( GEOMETRIC_REPRESENTATION_CONTEXT(3) 
GLOBAL_UNCERTAINTY_ASSIGNED_CONTEXT((#2643)) 
GLOBAL_UNIT_ASSIGNED_CONTEXT((#2640,#2641,#2642)) REPRESENTATION_CONTEXT
('Context #1','3D Context with UNIT and UNCERTAINTY') );
#2640 = ( LENGTH_UNIT() NAMED_UNIT(*) SI_UNIT(.MILLI.,.METRE.) );
#2641 = ( NAMED_UNIT(*) PLANE_ANGLE_UNIT() SI_UNIT($,.RADIAN.) );
#2642 = ( NAMED_UNIT(*) SI_UNIT($,.STERADIAN.) SOLID_ANGLE_UNIT() );
#2643 = UNCERTAINTY_MEASURE_WITH_UNIT(LENGTH_MEASURE(5.E-07),#2640,
  'distance_accuracy_value','confusion accuracy');
#2644 = PRODUCT_RELATED_PRODUCT_CATEGORY('part',$,(#7));
#2645 = MECHANICAL_DESIGN_GEOMETRIC_PRESENTATION_REPRESENTATION('',(
    #2646),#2639);
#2646 = STYLED_ITEM('color',(#2647),#15);
#2647 = PRESENTATION_STYLE_ASSIGNMENT((#2648,#2654));
#2648 = SURFACE_STYLE_USAGE(.BOTH.,#2649);
#2649 = SURFACE_SIDE_STYLE('',(#2650));
#2650 = SURFACE_STYLE_FILL_AREA(#2651);
#2651 = FILL_AREA_STYLE('',(#2652));
#2652 = FILL_AREA_STYLE_COLOUR('',#2653);
#2653 = COLOUR_RGB('',0.800000010877,0.800000010877,0.800000010877);
#2654 = CURVE_STYLE('',#2655,POSITIVE_LENGTH_MEASURE(0.1),#2656);
#2655 = DRAUGHTING_PRE_DEFINED_CURVE_FONT('continuous');
#2656 = COLOUR_RGB('',9.803921802644E-02,9.803921802644E-02,
  9.803921802644E-02);
ENDSEC;
END-ISO-10303-21;
